PID,scale,block_number,trial_number,intensity,intensity_char,intensity_rank,rating,rating_positive
ID06,SPARS,2,4,1.75,1.75,1,-49,1
ID06,SPARS,2,6,1.75,1.75,1,2,52
ID06,SPARS,2,27,1.75,1.75,1,-6,44
ID06,SPARS,4,9,1.75,1.75,1,3,53
ID06,SPARS,4,13,1.75,1.75,1,-20,30
ID06,SPARS,4,20,1.75,1.75,1,-2,48
ID06,SPARS,6,20,1.75,1.75,1,-31,19
ID06,SPARS,6,24,1.75,1.75,1,2,52
ID06,SPARS,6,27,1.75,1.75,1,-5,45
ID06,SPARS,8,4,1.75,1.75,1,-8,42
ID06,SPARS,8,18,1.75,1.75,1,-23,27
ID06,SPARS,8,22,1.75,1.75,1,14,64
ID06,NRS_NP,11,2,1.75,1.75,1,66,116
ID06,NRS_NP,11,16,1.75,1.75,1,1,51
ID06,NRS_NP,11,26,1.75,1.75,1,11,61
ID06,NRS_NP,13,13,1.75,1.75,1,1,51
ID06,NRS_NP,13,19,1.75,1.75,1,0,50
ID06,NRS_NP,13,21,1.75,1.75,1,1,51
ID06,NRS_NP,15,1,1.75,1.75,1,41,91
ID06,NRS_NP,15,17,1.75,1.75,1,4,54
ID06,NRS_NP,15,27,1.75,1.75,1,30,80
ID06,NRS_NP,17,2,1.75,1.75,1,8,58
ID06,NRS_NP,17,4,1.75,1.75,1,1,51
ID06,NRS_NP,17,5,1.75,1.75,1,56,106
ID06,CNRS_P,20,7,1.75,1.75,1,5,55
ID06,CNRS_P,20,9,1.75,1.75,1,2,52
ID06,CNRS_P,20,26,1.75,1.75,1,0,50
ID06,CNRS_P,22,4,1.75,1.75,1,0,50
ID06,CNRS_P,22,9,1.75,1.75,1,0,50
ID06,CNRS_P,22,27,1.75,1.75,1,0,50
ID06,CNRS_P,24,2,1.75,1.75,1,0,50
ID06,CNRS_P,24,4,1.75,1.75,1,1,51
ID06,CNRS_P,24,12,1.75,1.75,1,0,50
ID06,CNRS_P,26,4,1.75,1.75,1,0,50
ID06,CNRS_P,26,7,1.75,1.75,1,0,50
ID06,CNRS_P,26,10,1.75,1.75,1,48,98
ID06,SPARS,2,5,2,2.00,2,-6,44
ID06,SPARS,2,16,2,2.00,2,-3,47
ID06,SPARS,2,26,2,2.00,2,-9,41
ID06,SPARS,4,3,2,2.00,2,-13,37
ID06,SPARS,4,10,2,2.00,2,10,60
ID06,SPARS,4,25,2,2.00,2,-19,31
ID06,SPARS,6,3,2,2.00,2,1,51
ID06,SPARS,6,4,2,2.00,2,-16,34
ID06,SPARS,6,26,2,2.00,2,1,51
ID06,SPARS,8,2,2,2.00,2,-26,24
ID06,SPARS,8,5,2,2.00,2,-9,41
ID06,SPARS,8,26,2,2.00,2,0,50
ID06,NRS_NP,11,6,2,2.00,2,39,89
ID06,NRS_NP,11,24,2,2.00,2,1,51
ID06,NRS_NP,11,27,2,2.00,2,1,51
ID06,NRS_NP,13,3,2,2.00,2,34,84
ID06,NRS_NP,13,15,2,2.00,2,1,51
ID06,NRS_NP,13,18,2,2.00,2,1,51
ID06,NRS_NP,15,9,2,2.00,2,9,59
ID06,NRS_NP,15,21,2,2.00,2,2,52
ID06,NRS_NP,15,25,2,2.00,2,4,54
ID06,NRS_NP,17,1,2,2.00,2,0,50
ID06,NRS_NP,17,10,2,2.00,2,1,51
ID06,NRS_NP,17,26,2,2.00,2,1,51
ID06,CNRS_P,20,5,2,2.00,2,1,51
ID06,CNRS_P,20,6,2,2.00,2,0,50
ID06,CNRS_P,20,27,2,2.00,2,53,103
ID06,CNRS_P,22,5,2,2.00,2,0,50
ID06,CNRS_P,22,14,2,2.00,2,0,50
ID06,CNRS_P,22,15,2,2.00,2,0,50
ID06,CNRS_P,24,5,2,2.00,2,0,50
ID06,CNRS_P,24,15,2,2.00,2,0,50
ID06,CNRS_P,24,25,2,2.00,2,1,51
ID06,CNRS_P,26,1,2,2.00,2,0,50
ID06,CNRS_P,26,13,2,2.00,2,13,63
ID06,CNRS_P,26,27,2,2.00,2,0,50
ID01,SPARS,2,9,2.25,2.25,1,-31,19
ID01,SPARS,2,15,2.25,2.25,1,-20,30
ID01,SPARS,2,23,2.25,2.25,1,-48,2
ID01,SPARS,4,7,2.25,2.25,1,-48,2
ID01,SPARS,4,20,2.25,2.25,1,-21,29
ID01,SPARS,4,25,2.25,2.25,1,-23,27
ID01,SPARS,6,9,2.25,2.25,1,-48,2
ID01,SPARS,6,18,2.25,2.25,1,-45,5
ID01,SPARS,6,22,2.25,2.25,1,-47,3
ID01,SPARS,8,3,2.25,2.25,1,-50,0
ID01,SPARS,8,17,2.25,2.25,1,-49,1
ID01,SPARS,8,23,2.25,2.25,1,-47,3
ID01,CNRS_P,11,3,2.25,2.25,1,0,50
ID01,CNRS_P,11,14,2.25,2.25,1,0,50
ID01,CNRS_P,11,17,2.25,2.25,1,0,50
ID01,CNRS_P,13,9,2.25,2.25,1,0,50
ID01,CNRS_P,13,16,2.25,2.25,1,0,50
ID01,CNRS_P,13,21,2.25,2.25,1,0,50
ID01,CNRS_P,15,19,2.25,2.25,1,0,50
ID01,CNRS_P,15,24,2.25,2.25,1,0,50
ID01,CNRS_P,15,25,2.25,2.25,1,0,50
ID01,CNRS_P,17,6,2.25,2.25,1,0,50
ID01,CNRS_P,17,18,2.25,2.25,1,0,50
ID01,CNRS_P,17,23,2.25,2.25,1,0,50
ID01,NRS_NP,20,6,2.25,2.25,1,NA,NA
ID01,NRS_NP,20,12,2.25,2.25,1,NA,NA
ID01,NRS_NP,20,23,2.25,2.25,1,NA,NA
ID01,NRS_NP,22,10,2.25,2.25,1,NA,NA
ID01,NRS_NP,22,19,2.25,2.25,1,NA,NA
ID01,NRS_NP,22,27,2.25,2.25,1,NA,NA
ID01,NRS_NP,24,7,2.25,2.25,1,NA,NA
ID01,NRS_NP,24,14,2.25,2.25,1,NA,NA
ID01,NRS_NP,24,18,2.25,2.25,1,NA,NA
ID01,NRS_NP,26,11,2.25,2.25,1,NA,NA
ID01,NRS_NP,26,14,2.25,2.25,1,NA,NA
ID01,NRS_NP,26,22,2.25,2.25,1,NA,NA
ID02,SPARS,2,7,2.25,2.25,1,-2,48
ID02,SPARS,2,9,2.25,2.25,1,-4,46
ID02,SPARS,2,16,2.25,2.25,1,-9,41
ID02,SPARS,4,4,2.25,2.25,1,0,50
ID02,SPARS,4,18,2.25,2.25,1,-12,38
ID02,SPARS,4,25,2.25,2.25,1,-17,33
ID02,SPARS,6,3,2.25,2.25,1,-27,23
ID02,SPARS,6,14,2.25,2.25,1,-26,24
ID02,SPARS,6,22,2.25,2.25,1,-16,34
ID02,SPARS,8,6,2.25,2.25,1,-7,43
ID02,SPARS,8,16,2.25,2.25,1,-12,38
ID02,SPARS,8,24,2.25,2.25,1,-13,37
ID02,CNRS_P,11,1,2.25,2.25,1,0,50
ID02,CNRS_P,11,16,2.25,2.25,1,0,50
ID02,CNRS_P,11,22,2.25,2.25,1,1,51
ID02,CNRS_P,13,7,2.25,2.25,1,0,50
ID02,CNRS_P,13,20,2.25,2.25,1,0,50
ID02,CNRS_P,13,26,2.25,2.25,1,0,50
ID02,CNRS_P,15,2,2.25,2.25,1,0,50
ID02,CNRS_P,15,6,2.25,2.25,1,0,50
ID02,CNRS_P,15,23,2.25,2.25,1,1,51
ID02,CNRS_P,17,3,2.25,2.25,1,0,50
ID02,CNRS_P,17,10,2.25,2.25,1,0,50
ID02,CNRS_P,17,13,2.25,2.25,1,0,50
ID02,NRS_NP,20,3,2.25,2.25,1,66,116
ID02,NRS_NP,20,6,2.25,2.25,1,46,96
ID02,NRS_NP,20,10,2.25,2.25,1,86,136
ID02,NRS_NP,22,5,2.25,2.25,1,18,68
ID02,NRS_NP,22,14,2.25,2.25,1,12,62
ID02,NRS_NP,22,16,2.25,2.25,1,20,70
ID02,NRS_NP,24,3,2.25,2.25,1,16,66
ID02,NRS_NP,24,8,2.25,2.25,1,64,114
ID02,NRS_NP,24,26,2.25,2.25,1,9,59
ID02,NRS_NP,26,3,2.25,2.25,1,33,83
ID02,NRS_NP,26,10,2.25,2.25,1,0,50
ID02,NRS_NP,26,12,2.25,2.25,1,33,83
ID06,SPARS,2,7,2.25,2.25,3,3,53
ID06,SPARS,2,15,2.25,2.25,3,0,50
ID06,SPARS,2,22,2.25,2.25,3,16,66
ID06,SPARS,4,2,2.25,2.25,3,-1,49
ID06,SPARS,4,7,2.25,2.25,3,-1,49
ID06,SPARS,4,24,2.25,2.25,3,1,51
ID06,SPARS,6,6,2.25,2.25,3,2,52
ID06,SPARS,6,8,2.25,2.25,3,2,52
ID06,SPARS,6,9,2.25,2.25,3,1,51
ID06,SPARS,8,9,2.25,2.25,3,-30,20
ID06,SPARS,8,10,2.25,2.25,3,-1,49
ID06,SPARS,8,12,2.25,2.25,3,1,51
ID06,NRS_NP,11,1,2.25,2.25,3,20,70
ID06,NRS_NP,11,13,2.25,2.25,3,23,73
ID06,NRS_NP,11,18,2.25,2.25,3,2,52
ID06,NRS_NP,13,4,2.25,2.25,3,58,108
ID06,NRS_NP,13,7,2.25,2.25,3,9,59
ID06,NRS_NP,13,23,2.25,2.25,3,6,56
ID06,NRS_NP,15,4,2.25,2.25,3,7,57
ID06,NRS_NP,15,19,2.25,2.25,3,55,105
ID06,NRS_NP,15,23,2.25,2.25,3,1,51
ID06,NRS_NP,17,6,2.25,2.25,3,82,132
ID06,NRS_NP,17,14,2.25,2.25,3,27,77
ID06,NRS_NP,17,15,2.25,2.25,3,0,50
ID06,CNRS_P,20,13,2.25,2.25,3,0,50
ID06,CNRS_P,20,24,2.25,2.25,3,0,50
ID06,CNRS_P,20,25,2.25,2.25,3,0,50
ID06,CNRS_P,22,7,2.25,2.25,3,0,50
ID06,CNRS_P,22,16,2.25,2.25,3,0,50
ID06,CNRS_P,22,26,2.25,2.25,3,0,50
ID06,CNRS_P,24,8,2.25,2.25,3,1,51
ID06,CNRS_P,24,16,2.25,2.25,3,0,50
ID06,CNRS_P,24,20,2.25,2.25,3,1,51
ID06,CNRS_P,26,11,2.25,2.25,3,2,52
ID06,CNRS_P,26,22,2.25,2.25,3,6,56
ID06,CNRS_P,26,25,2.25,2.25,3,0,50
ID07,CNRS_P,2,1,2.25,2.25,1,27,77
ID07,CNRS_P,2,20,2.25,2.25,1,16,66
ID07,CNRS_P,2,21,2.25,2.25,1,20,70
ID07,CNRS_P,4,4,2.25,2.25,1,15,65
ID07,CNRS_P,4,10,2.25,2.25,1,20,70
ID07,CNRS_P,4,20,2.25,2.25,1,19,69
ID07,CNRS_P,6,14,2.25,2.25,1,16,66
ID07,CNRS_P,6,19,2.25,2.25,1,13,63
ID07,CNRS_P,6,27,2.25,2.25,1,12,62
ID07,CNRS_P,8,14,2.25,2.25,1,35,85
ID07,CNRS_P,8,17,2.25,2.25,1,11,61
ID07,CNRS_P,8,26,2.25,2.25,1,9,59
ID07,NRS_NP,11,6,2.25,2.25,1,15,65
ID07,NRS_NP,11,10,2.25,2.25,1,9,59
ID07,NRS_NP,11,21,2.25,2.25,1,25,75
ID07,NRS_NP,13,12,2.25,2.25,1,2,52
ID07,NRS_NP,13,21,2.25,2.25,1,62,112
ID07,NRS_NP,13,24,2.25,2.25,1,32,82
ID07,NRS_NP,15,16,2.25,2.25,1,2,52
ID07,NRS_NP,15,20,2.25,2.25,1,0,50
ID07,NRS_NP,15,25,2.25,2.25,1,0,50
ID07,NRS_NP,17,14,2.25,2.25,1,5,55
ID07,NRS_NP,17,17,2.25,2.25,1,9,59
ID07,NRS_NP,17,23,2.25,2.25,1,36,86
ID07,SPARS,20,3,2.25,2.25,1,-22,28
ID07,SPARS,20,13,2.25,2.25,1,-10,40
ID07,SPARS,20,26,2.25,2.25,1,-42,8
ID07,SPARS,22,13,2.25,2.25,1,-47,3
ID07,SPARS,22,18,2.25,2.25,1,-13,37
ID07,SPARS,22,21,2.25,2.25,1,-49,1
ID07,SPARS,24,1,2.25,2.25,1,-19,31
ID07,SPARS,24,9,2.25,2.25,1,-8,42
ID07,SPARS,24,11,2.25,2.25,1,-38,12
ID07,SPARS,26,2,2.25,2.25,1,-39,11
ID07,SPARS,26,12,2.25,2.25,1,-38,12
ID07,SPARS,26,26,2.25,2.25,1,-49,1
ID01,SPARS,2,4,2.5,2.50,2,-16,34
ID01,SPARS,2,5,2.5,2.50,2,-2,48
ID01,SPARS,2,22,2.5,2.50,2,-49,1
ID01,SPARS,4,10,2.5,2.50,2,-41,9
ID01,SPARS,4,21,2.5,2.50,2,-47,3
ID01,SPARS,4,24,2.5,2.50,2,-49,1
ID01,SPARS,6,5,2.5,2.50,2,-35,15
ID01,SPARS,6,11,2.5,2.50,2,-42,8
ID01,SPARS,6,27,2.5,2.50,2,-35,15
ID01,SPARS,8,5,2.5,2.50,2,-50,0
ID01,SPARS,8,7,2.5,2.50,2,-35,15
ID01,SPARS,8,12,2.5,2.50,2,-48,2
ID01,CNRS_P,11,5,2.5,2.50,2,0,50
ID01,CNRS_P,11,7,2.5,2.50,2,0,50
ID01,CNRS_P,11,20,2.5,2.50,2,1,51
ID01,CNRS_P,13,6,2.5,2.50,2,0,50
ID01,CNRS_P,13,23,2.5,2.50,2,0,50
ID01,CNRS_P,13,26,2.5,2.50,2,0,50
ID01,CNRS_P,15,3,2.5,2.50,2,0,50
ID01,CNRS_P,15,4,2.5,2.50,2,0,50
ID01,CNRS_P,15,9,2.5,2.50,2,0,50
ID01,CNRS_P,17,1,2.5,2.50,2,1,51
ID01,CNRS_P,17,2,2.5,2.50,2,0,50
ID01,CNRS_P,17,7,2.5,2.50,2,0,50
ID01,NRS_NP,20,3,2.5,2.50,2,NA,NA
ID01,NRS_NP,20,18,2.5,2.50,2,NA,NA
ID01,NRS_NP,20,22,2.5,2.50,2,NA,NA
ID01,NRS_NP,22,7,2.5,2.50,2,NA,NA
ID01,NRS_NP,22,12,2.5,2.50,2,NA,NA
ID01,NRS_NP,22,21,2.5,2.50,2,NA,NA
ID01,NRS_NP,24,11,2.5,2.50,2,NA,NA
ID01,NRS_NP,24,12,2.5,2.50,2,NA,NA
ID01,NRS_NP,24,19,2.5,2.50,2,NA,NA
ID01,NRS_NP,26,19,2.5,2.50,2,NA,NA
ID01,NRS_NP,26,23,2.5,2.50,2,NA,NA
ID01,NRS_NP,26,25,2.5,2.50,2,NA,NA
ID02,SPARS,2,8,2.5,2.50,2,-1,49
ID02,SPARS,2,22,2.5,2.50,2,-10,40
ID02,SPARS,2,24,2.5,2.50,2,-13,37
ID02,SPARS,4,2,2.5,2.50,2,-25,25
ID02,SPARS,4,8,2.5,2.50,2,-15,35
ID02,SPARS,4,17,2.5,2.50,2,-18,32
ID02,SPARS,6,11,2.5,2.50,2,-24,26
ID02,SPARS,6,13,2.5,2.50,2,-30,20
ID02,SPARS,6,19,2.5,2.50,2,-5,45
ID02,SPARS,8,13,2.5,2.50,2,-40,10
ID02,SPARS,8,17,2.5,2.50,2,-21,29
ID02,SPARS,8,26,2.5,2.50,2,-23,27
ID02,CNRS_P,11,4,2.5,2.50,2,5,55
ID02,CNRS_P,11,5,2.5,2.50,2,0,50
ID02,CNRS_P,11,13,2.5,2.50,2,0,50
ID02,CNRS_P,13,2,2.5,2.50,2,0,50
ID02,CNRS_P,13,5,2.5,2.50,2,0,50
ID02,CNRS_P,13,24,2.5,2.50,2,1,51
ID02,CNRS_P,15,7,2.5,2.50,2,0,50
ID02,CNRS_P,15,17,2.5,2.50,2,6,56
ID02,CNRS_P,15,24,2.5,2.50,2,0,50
ID02,CNRS_P,17,2,2.5,2.50,2,0,50
ID02,CNRS_P,17,9,2.5,2.50,2,6,56
ID02,CNRS_P,17,17,2.5,2.50,2,2,52
ID02,NRS_NP,20,5,2.5,2.50,2,73,123
ID02,NRS_NP,20,14,2.5,2.50,2,29,79
ID02,NRS_NP,20,23,2.5,2.50,2,47,97
ID02,NRS_NP,22,12,2.5,2.50,2,15,65
ID02,NRS_NP,22,13,2.5,2.50,2,2,52
ID02,NRS_NP,22,24,2.5,2.50,2,0,50
ID02,NRS_NP,24,2,2.5,2.50,2,24,74
ID02,NRS_NP,24,11,2.5,2.50,2,0,50
ID02,NRS_NP,24,20,2.5,2.50,2,10,60
ID02,NRS_NP,26,1,2.5,2.50,2,5,55
ID02,NRS_NP,26,9,2.5,2.50,2,6,56
ID02,NRS_NP,26,19,2.5,2.50,2,19,69
ID03,CNRS_P,2,4,2.5,2.50,1,0,50
ID03,CNRS_P,2,13,2.5,2.50,1,0,50
ID03,CNRS_P,2,20,2.5,2.50,1,3,53
ID03,CNRS_P,4,20,2.5,2.50,1,1,51
ID03,CNRS_P,4,22,2.5,2.50,1,6,56
ID03,CNRS_P,4,23,2.5,2.50,1,1,51
ID03,CNRS_P,6,10,2.5,2.50,1,1,51
ID03,CNRS_P,6,11,2.5,2.50,1,0,50
ID03,CNRS_P,6,14,2.5,2.50,1,1,51
ID03,CNRS_P,8,3,2.5,2.50,1,0,50
ID03,CNRS_P,8,19,2.5,2.50,1,0,50
ID03,CNRS_P,8,25,2.5,2.50,1,1,51
ID03,SPARS,11,5,2.5,2.50,1,-21,29
ID03,SPARS,11,12,2.5,2.50,1,-7,43
ID03,SPARS,11,25,2.5,2.50,1,-30,20
ID03,SPARS,13,9,2.5,2.50,1,-14,36
ID03,SPARS,13,11,2.5,2.50,1,-12,38
ID03,SPARS,13,20,2.5,2.50,1,-30,20
ID03,SPARS,15,8,2.5,2.50,1,1,51
ID03,SPARS,15,11,2.5,2.50,1,-5,45
ID03,SPARS,15,22,2.5,2.50,1,-24,26
ID03,SPARS,17,2,2.5,2.50,1,-9,41
ID03,SPARS,17,11,2.5,2.50,1,-8,42
ID03,SPARS,17,22,2.5,2.50,1,-7,43
ID03,NRS_NP,20,8,2.5,2.50,1,15,65
ID03,NRS_NP,20,12,2.5,2.50,1,37,87
ID03,NRS_NP,20,18,2.5,2.50,1,66,116
ID03,NRS_NP,22,11,2.5,2.50,1,32,82
ID03,NRS_NP,22,16,2.5,2.50,1,34,84
ID03,NRS_NP,22,26,2.5,2.50,1,29,79
ID03,NRS_NP,24,3,2.5,2.50,1,56,106
ID03,NRS_NP,24,7,2.5,2.50,1,36,86
ID03,NRS_NP,24,10,2.5,2.50,1,12,62
ID03,NRS_NP,26,3,2.5,2.50,1,28,78
ID03,NRS_NP,26,9,2.5,2.50,1,30,80
ID03,NRS_NP,26,23,2.5,2.50,1,35,85
ID04,NRS_NP,2,12,2.5,2.50,1,31,81
ID04,NRS_NP,2,15,2.5,2.50,1,6,56
ID04,NRS_NP,2,24,2.5,2.50,1,8,58
ID04,NRS_NP,4,2,2.5,2.50,1,14,64
ID04,NRS_NP,4,15,2.5,2.50,1,23,73
ID04,NRS_NP,4,20,2.5,2.50,1,0,50
ID04,NRS_NP,6,5,2.5,2.50,1,36,86
ID04,NRS_NP,6,11,2.5,2.50,1,14,64
ID04,NRS_NP,6,15,2.5,2.50,1,17,67
ID04,NRS_NP,8,1,2.5,2.50,1,0,50
ID04,NRS_NP,8,9,2.5,2.50,1,0,50
ID04,NRS_NP,8,23,2.5,2.50,1,15,65
ID04,SPARS,11,11,2.5,2.50,1,-50,0
ID04,SPARS,11,22,2.5,2.50,1,-50,0
ID04,SPARS,11,24,2.5,2.50,1,-49,1
ID04,SPARS,13,4,2.5,2.50,1,-28,22
ID04,SPARS,13,14,2.5,2.50,1,-50,0
ID04,SPARS,15,11,2.5,2.50,1,-50,0
ID04,SPARS,15,20,2.5,2.50,1,-50,0
ID04,SPARS,15,21,2.5,2.50,1,3,53
ID04,SPARS,17,5,2.5,2.50,1,-2,48
ID04,SPARS,17,6,2.5,2.50,1,-17,33
ID04,SPARS,17,23,2.5,2.50,1,4,54
ID04,CNRS_P,20,1,2.5,2.50,1,0,50
ID04,CNRS_P,20,10,2.5,2.50,1,17,67
ID04,CNRS_P,20,17,2.5,2.50,1,32,82
ID04,CNRS_P,22,3,2.5,2.50,1,0,50
ID04,CNRS_P,22,15,2.5,2.50,1,5,55
ID04,CNRS_P,22,16,2.5,2.50,1,4,54
ID04,CNRS_P,24,4,2.5,2.50,1,6,56
ID04,CNRS_P,24,15,2.5,2.50,1,0,50
ID04,CNRS_P,24,24,2.5,2.50,1,0,50
ID04,CNRS_P,26,7,2.5,2.50,1,0,50
ID04,CNRS_P,26,9,2.5,2.50,1,1,51
ID04,CNRS_P,26,24,2.5,2.50,1,0,50
ID05,NRS_NP,2,14,2.5,2.50,1,1,51
ID05,NRS_NP,2,18,2.5,2.50,1,4,54
ID05,NRS_NP,2,19,2.5,2.50,1,3,53
ID05,NRS_NP,4,3,2.5,2.50,1,3,53
ID05,NRS_NP,4,9,2.5,2.50,1,5,55
ID05,NRS_NP,4,13,2.5,2.50,1,1,51
ID05,NRS_NP,6,1,2.5,2.50,1,5,55
ID05,NRS_NP,6,8,2.5,2.50,1,3,53
ID05,NRS_NP,6,23,2.5,2.50,1,3,53
ID05,NRS_NP,8,2,2.5,2.50,1,0,50
ID05,NRS_NP,8,13,2.5,2.50,1,0,50
ID05,NRS_NP,8,14,2.5,2.50,1,1,51
ID05,CNRS_P,11,9,2.5,2.50,1,1,51
ID05,CNRS_P,11,11,2.5,2.50,1,5,55
ID05,CNRS_P,11,19,2.5,2.50,1,1,51
ID05,CNRS_P,13,8,2.5,2.50,1,0,50
ID05,CNRS_P,13,11,2.5,2.50,1,4,54
ID05,CNRS_P,13,18,2.5,2.50,1,3,53
ID05,CNRS_P,15,8,2.5,2.50,1,1,51
ID05,CNRS_P,15,16,2.5,2.50,1,1,51
ID05,CNRS_P,15,22,2.5,2.50,1,0,50
ID05,CNRS_P,17,3,2.5,2.50,1,0,50
ID05,CNRS_P,17,17,2.5,2.50,1,8,58
ID05,CNRS_P,17,21,2.5,2.50,1,0,50
ID05,SPARS,20,9,2.5,2.50,1,-50,0
ID05,SPARS,20,10,2.5,2.50,1,-50,0
ID05,SPARS,20,21,2.5,2.50,1,-50,0
ID05,SPARS,22,1,2.5,2.50,1,-50,0
ID05,SPARS,22,2,2.5,2.50,1,-50,0
ID05,SPARS,22,20,2.5,2.50,1,-50,0
ID05,SPARS,24,15,2.5,2.50,1,-50,0
ID05,SPARS,24,16,2.5,2.50,1,-50,0
ID05,SPARS,24,27,2.5,2.50,1,-50,0
ID05,SPARS,26,1,2.5,2.50,1,-50,0
ID05,SPARS,26,3,2.5,2.50,1,-44,6
ID05,SPARS,26,9,2.5,2.50,1,-49,1
ID06,SPARS,2,1,2.5,2.50,4,17,67
ID06,SPARS,2,17,2.5,2.50,4,1,51
ID06,SPARS,2,21,2.5,2.50,4,2,52
ID06,SPARS,4,19,2.5,2.50,4,2,52
ID06,SPARS,4,21,2.5,2.50,4,-2,48
ID06,SPARS,4,23,2.5,2.50,4,-9,41
ID06,SPARS,6,19,2.5,2.50,4,-11,39
ID06,SPARS,6,22,2.5,2.50,4,-7,43
ID06,SPARS,6,23,2.5,2.50,4,-9,41
ID06,SPARS,8,11,2.5,2.50,4,-22,28
ID06,SPARS,8,17,2.5,2.50,4,-17,33
ID06,SPARS,8,23,2.5,2.50,4,-4,46
ID06,NRS_NP,11,5,2.5,2.50,4,10,60
ID06,NRS_NP,11,11,2.5,2.50,4,78,128
ID06,NRS_NP,11,21,2.5,2.50,4,92,142
ID06,NRS_NP,13,2,2.5,2.50,4,40,90
ID06,NRS_NP,13,22,2.5,2.50,4,36,86
ID06,NRS_NP,13,27,2.5,2.50,4,20,70
ID06,NRS_NP,15,7,2.5,2.50,4,0,50
ID06,NRS_NP,15,10,2.5,2.50,4,78,128
ID06,NRS_NP,15,20,2.5,2.50,4,62,112
ID06,NRS_NP,17,8,2.5,2.50,4,2,52
ID06,NRS_NP,17,13,2.5,2.50,4,18,68
ID06,NRS_NP,17,23,2.5,2.50,4,17,67
ID06,CNRS_P,20,11,2.5,2.50,4,0,50
ID06,CNRS_P,20,19,2.5,2.50,4,0,50
ID06,CNRS_P,20,20,2.5,2.50,4,0,50
ID06,CNRS_P,22,18,2.5,2.50,4,5,55
ID06,CNRS_P,22,23,2.5,2.50,4,83,133
ID06,CNRS_P,22,25,2.5,2.50,4,0,50
ID06,CNRS_P,24,14,2.5,2.50,4,5,55
ID06,CNRS_P,24,21,2.5,2.50,4,0,50
ID06,CNRS_P,24,26,2.5,2.50,4,0,50
ID06,CNRS_P,26,2,2.5,2.50,4,2,52
ID06,CNRS_P,26,12,2.5,2.50,4,79,129
ID06,CNRS_P,26,17,2.5,2.50,4,0,50
ID07,CNRS_P,2,3,2.5,2.50,2,14,64
ID07,CNRS_P,2,10,2.5,2.50,2,10,60
ID07,CNRS_P,2,22,2.5,2.50,2,18,68
ID07,CNRS_P,4,1,2.5,2.50,2,8,58
ID07,CNRS_P,4,13,2.5,2.50,2,5,55
ID07,CNRS_P,4,15,2.5,2.50,2,40,90
ID07,CNRS_P,6,15,2.5,2.50,2,36,86
ID07,CNRS_P,6,21,2.5,2.50,2,15,65
ID07,CNRS_P,6,23,2.5,2.50,2,10,60
ID07,CNRS_P,8,1,2.5,2.50,2,3,53
ID07,CNRS_P,8,4,2.5,2.50,2,33,83
ID07,CNRS_P,8,16,2.5,2.50,2,10,60
ID07,NRS_NP,11,11,2.5,2.50,2,5,55
ID07,NRS_NP,11,13,2.5,2.50,2,29,79
ID07,NRS_NP,11,14,2.5,2.50,2,10,60
ID07,NRS_NP,13,11,2.5,2.50,2,3,53
ID07,NRS_NP,13,17,2.5,2.50,2,22,72
ID07,NRS_NP,13,18,2.5,2.50,2,9,59
ID07,NRS_NP,15,11,2.5,2.50,2,5,55
ID07,NRS_NP,15,12,2.5,2.50,2,6,56
ID07,NRS_NP,17,12,2.5,2.50,2,18,68
ID07,NRS_NP,17,13,2.5,2.50,2,1,51
ID07,NRS_NP,17,15,2.5,2.50,2,20,70
ID07,SPARS,20,2,2.5,2.50,2,-40,10
ID07,SPARS,20,17,2.5,2.50,2,-39,11
ID07,SPARS,20,19,2.5,2.50,2,0,50
ID07,SPARS,22,2,2.5,2.50,2,-10,40
ID07,SPARS,22,23,2.5,2.50,2,-27,23
ID07,SPARS,22,25,2.5,2.50,2,-37,13
ID07,SPARS,24,3,2.5,2.50,2,-27,23
ID07,SPARS,24,7,2.5,2.50,2,-41,9
ID07,SPARS,24,13,2.5,2.50,2,-21,29
ID07,SPARS,26,5,2.5,2.50,2,-47,3
ID07,SPARS,26,6,2.5,2.50,2,-39,11
ID07,SPARS,26,16,2.5,2.50,2,-50,0
ID01,SPARS,2,14,2.75,2.75,3,-27,23
ID01,SPARS,2,20,2.75,2.75,3,-49,1
ID01,SPARS,2,27,2.75,2.75,3,-33,17
ID01,SPARS,4,6,2.75,2.75,3,-49,1
ID01,SPARS,4,8,2.75,2.75,3,-38,12
ID01,SPARS,4,16,2.75,2.75,3,-47,3
ID01,SPARS,6,2,2.75,2.75,3,-28,22
ID01,SPARS,6,13,2.75,2.75,3,-36,14
ID01,SPARS,6,25,2.75,2.75,3,-48,2
ID01,SPARS,8,2,2.75,2.75,3,-49,1
ID01,SPARS,8,11,2.75,2.75,3,-48,2
ID01,SPARS,8,24,2.75,2.75,3,-49,1
ID01,CNRS_P,11,4,2.75,2.75,3,0,50
ID01,CNRS_P,11,8,2.75,2.75,3,0,50
ID01,CNRS_P,11,19,2.75,2.75,3,0,50
ID01,CNRS_P,13,8,2.75,2.75,3,0,50
ID01,CNRS_P,13,20,2.75,2.75,3,0,50
ID01,CNRS_P,13,24,2.75,2.75,3,0,50
ID01,CNRS_P,15,2,2.75,2.75,3,1,51
ID01,CNRS_P,15,8,2.75,2.75,3,1,51
ID01,CNRS_P,15,21,2.75,2.75,3,0,50
ID01,CNRS_P,17,15,2.75,2.75,3,0,50
ID01,CNRS_P,17,20,2.75,2.75,3,0,50
ID01,CNRS_P,17,21,2.75,2.75,3,0,50
ID01,NRS_NP,20,10,2.75,2.75,3,NA,NA
ID01,NRS_NP,20,14,2.75,2.75,3,NA,NA
ID01,NRS_NP,20,15,2.75,2.75,3,NA,NA
ID01,NRS_NP,22,4,2.75,2.75,3,NA,NA
ID01,NRS_NP,22,25,2.75,2.75,3,NA,NA
ID01,NRS_NP,24,3,2.75,2.75,3,NA,NA
ID01,NRS_NP,24,6,2.75,2.75,3,NA,NA
ID01,NRS_NP,24,24,2.75,2.75,3,NA,NA
ID01,NRS_NP,26,4,2.75,2.75,3,NA,NA
ID01,NRS_NP,26,13,2.75,2.75,3,NA,NA
ID01,NRS_NP,26,18,2.75,2.75,3,NA,NA
ID02,SPARS,2,1,2.75,2.75,3,1,51
ID02,SPARS,2,2,2.75,2.75,3,5,55
ID02,SPARS,2,26,2.75,2.75,3,-2,48
ID02,SPARS,4,5,2.75,2.75,3,-4,46
ID02,SPARS,4,19,2.75,2.75,3,-10,40
ID02,SPARS,4,21,2.75,2.75,3,-49,1
ID02,SPARS,6,1,2.75,2.75,3,-20,30
ID02,SPARS,6,16,2.75,2.75,3,-12,38
ID02,SPARS,6,26,2.75,2.75,3,-30,20
ID02,SPARS,8,19,2.75,2.75,3,11,61
ID02,SPARS,8,20,2.75,2.75,3,-3,47
ID02,SPARS,8,23,2.75,2.75,3,-27,23
ID02,CNRS_P,11,8,2.75,2.75,3,5,55
ID02,CNRS_P,11,23,2.75,2.75,3,2,52
ID02,CNRS_P,11,25,2.75,2.75,3,0,50
ID02,CNRS_P,13,14,2.75,2.75,3,0,50
ID02,CNRS_P,13,15,2.75,2.75,3,1,51
ID02,CNRS_P,13,21,2.75,2.75,3,9,59
ID02,CNRS_P,15,1,2.75,2.75,3,0,50
ID02,CNRS_P,15,9,2.75,2.75,3,3,53
ID02,CNRS_P,15,20,2.75,2.75,3,20,70
ID02,CNRS_P,17,7,2.75,2.75,3,11,61
ID02,CNRS_P,17,15,2.75,2.75,3,7,57
ID02,CNRS_P,17,23,2.75,2.75,3,14,64
ID02,NRS_NP,20,2,2.75,2.75,3,78,128
ID02,NRS_NP,20,8,2.75,2.75,3,76,126
ID02,NRS_NP,20,12,2.75,2.75,3,82,132
ID02,NRS_NP,22,9,2.75,2.75,3,84,134
ID02,NRS_NP,22,20,2.75,2.75,3,1,51
ID02,NRS_NP,22,26,2.75,2.75,3,48,98
ID02,NRS_NP,24,18,2.75,2.75,3,28,78
ID02,NRS_NP,24,21,2.75,2.75,3,43,93
ID02,NRS_NP,24,22,2.75,2.75,3,7,57
ID02,NRS_NP,26,6,2.75,2.75,3,29,79
ID02,NRS_NP,26,13,2.75,2.75,3,66,116
ID02,NRS_NP,26,18,2.75,2.75,3,81,131
ID03,CNRS_P,2,9,2.75,2.75,2,0,50
ID03,CNRS_P,2,17,2.75,2.75,2,2,52
ID03,CNRS_P,4,3,2.75,2.75,2,0,50
ID03,CNRS_P,4,9,2.75,2.75,2,3,53
ID03,CNRS_P,4,13,2.75,2.75,2,1,51
ID03,CNRS_P,6,1,2.75,2.75,2,1,51
ID03,CNRS_P,6,8,2.75,2.75,2,1,51
ID03,CNRS_P,6,9,2.75,2.75,2,1,51
ID03,CNRS_P,8,4,2.75,2.75,2,0,50
ID03,CNRS_P,8,13,2.75,2.75,2,0,50
ID03,CNRS_P,8,24,2.75,2.75,2,1,51
ID03,SPARS,11,6,2.75,2.75,2,-6,44
ID03,SPARS,11,15,2.75,2.75,2,0,50
ID03,SPARS,11,20,2.75,2.75,2,1,51
ID03,SPARS,13,5,2.75,2.75,2,-17,33
ID03,SPARS,13,10,2.75,2.75,2,-9,41
ID03,SPARS,13,19,2.75,2.75,2,-9,41
ID03,SPARS,15,2,2.75,2.75,2,3,53
ID03,SPARS,15,14,2.75,2.75,2,-27,23
ID03,SPARS,15,17,2.75,2.75,2,-14,36
ID03,SPARS,17,1,2.75,2.75,2,-44,6
ID03,SPARS,17,17,2.75,2.75,2,-3,47
ID03,SPARS,17,19,2.75,2.75,2,-26,24
ID03,NRS_NP,20,1,2.75,2.75,2,54,104
ID03,NRS_NP,20,7,2.75,2.75,2,30,80
ID03,NRS_NP,20,16,2.75,2.75,2,4,54
ID03,NRS_NP,22,1,2.75,2.75,2,1,51
ID03,NRS_NP,22,17,2.75,2.75,2,38,88
ID03,NRS_NP,22,22,2.75,2.75,2,12,62
ID03,NRS_NP,24,1,2.75,2.75,2,1,51
ID03,NRS_NP,24,23,2.75,2.75,2,86,136
ID03,NRS_NP,24,26,2.75,2.75,2,63,113
ID03,NRS_NP,26,6,2.75,2.75,2,50,100
ID03,NRS_NP,26,10,2.75,2.75,2,28,78
ID03,NRS_NP,26,17,2.75,2.75,2,82,132
ID04,NRS_NP,2,13,2.75,2.75,2,7,57
ID04,NRS_NP,2,17,2.75,2.75,2,18,68
ID04,NRS_NP,2,19,2.75,2.75,2,3,53
ID04,NRS_NP,4,3,2.75,2.75,2,33,83
ID04,NRS_NP,4,12,2.75,2.75,2,48,98
ID04,NRS_NP,4,25,2.75,2.75,2,31,81
ID04,NRS_NP,6,14,2.75,2.75,2,19,69
ID04,NRS_NP,6,17,2.75,2.75,2,12,62
ID04,NRS_NP,6,24,2.75,2.75,2,5,55
ID04,NRS_NP,8,12,2.75,2.75,2,5,55
ID04,NRS_NP,8,13,2.75,2.75,2,0,50
ID04,NRS_NP,8,17,2.75,2.75,2,24,74
ID04,SPARS,11,7,2.75,2.75,2,-14,36
ID04,SPARS,11,9,2.75,2.75,2,-50,0
ID04,SPARS,11,23,2.75,2.75,2,-41,9
ID04,SPARS,13,3,2.75,2.75,2,-49,1
ID04,SPARS,13,8,2.75,2.75,2,-14,36
ID04,SPARS,13,22,2.75,2.75,2,-23,27
ID04,SPARS,15,7,2.75,2.75,2,-47,3
ID04,SPARS,15,16,2.75,2.75,2,-46,4
ID04,SPARS,15,17,2.75,2.75,2,-21,29
ID04,SPARS,17,1,2.75,2.75,2,-50,0
ID04,SPARS,17,9,2.75,2.75,2,-39,11
ID04,SPARS,17,14,2.75,2.75,2,-48,2
ID04,CNRS_P,20,4,2.75,2.75,2,0,50
ID04,CNRS_P,20,14,2.75,2.75,2,13,63
ID04,CNRS_P,20,18,2.75,2.75,2,5,55
ID04,CNRS_P,22,9,2.75,2.75,2,0,50
ID04,CNRS_P,22,12,2.75,2.75,2,1,51
ID04,CNRS_P,22,25,2.75,2.75,2,0,50
ID04,CNRS_P,24,2,2.75,2.75,2,0,50
ID04,CNRS_P,24,12,2.75,2.75,2,0,50
ID04,CNRS_P,24,13,2.75,2.75,2,1,51
ID04,CNRS_P,26,1,2.75,2.75,2,1,51
ID04,CNRS_P,26,10,2.75,2.75,2,6,56
ID04,CNRS_P,26,20,2.75,2.75,2,0,50
ID05,NRS_NP,2,9,2.75,2.75,2,15,65
ID05,NRS_NP,2,11,2.75,2.75,2,32,82
ID05,NRS_NP,2,25,2.75,2.75,2,2,52
ID05,NRS_NP,4,4,2.75,2.75,2,26,76
ID05,NRS_NP,4,20,2.75,2.75,2,0,50
ID05,NRS_NP,4,26,2.75,2.75,2,1,51
ID05,NRS_NP,6,3,2.75,2.75,2,11,61
ID05,NRS_NP,6,6,2.75,2.75,2,13,63
ID05,NRS_NP,6,26,2.75,2.75,2,1,51
ID05,NRS_NP,8,9,2.75,2.75,2,1,51
ID05,NRS_NP,8,17,2.75,2.75,2,3,53
ID05,NRS_NP,8,21,2.75,2.75,2,1,51
ID05,CNRS_P,11,4,2.75,2.75,2,1,51
ID05,CNRS_P,11,15,2.75,2.75,2,1,51
ID05,CNRS_P,11,18,2.75,2.75,2,1,51
ID05,CNRS_P,13,9,2.75,2.75,2,0,50
ID05,CNRS_P,13,15,2.75,2.75,2,1,51
ID05,CNRS_P,13,24,2.75,2.75,2,1,51
ID05,CNRS_P,15,2,2.75,2.75,2,0,50
ID05,CNRS_P,15,11,2.75,2.75,2,1,51
ID05,CNRS_P,15,17,2.75,2.75,2,0,50
ID05,CNRS_P,17,1,2.75,2.75,2,5,55
ID05,CNRS_P,17,15,2.75,2.75,2,0,50
ID05,CNRS_P,17,22,2.75,2.75,2,1,51
ID05,SPARS,20,7,2.75,2.75,2,-49,1
ID05,SPARS,20,20,2.75,2.75,2,-49,1
ID05,SPARS,20,24,2.75,2.75,2,-50,0
ID05,SPARS,22,8,2.75,2.75,2,-50,0
ID05,SPARS,22,12,2.75,2.75,2,-50,0
ID05,SPARS,22,25,2.75,2.75,2,-50,0
ID05,SPARS,24,1,2.75,2.75,2,-49,1
ID05,SPARS,24,8,2.75,2.75,2,-49,1
ID05,SPARS,24,14,2.75,2.75,2,-50,0
ID05,SPARS,26,14,2.75,2.75,2,-49,1
ID05,SPARS,26,15,2.75,2.75,2,-47,3
ID05,SPARS,26,20,2.75,2.75,2,-49,1
ID06,SPARS,2,11,2.75,2.75,5,2,52
ID06,SPARS,2,18,2.75,2.75,5,1,51
ID06,SPARS,2,25,2.75,2.75,5,1,51
ID06,SPARS,4,6,2.75,2.75,5,2,52
ID06,SPARS,4,15,2.75,2.75,5,2,52
ID06,SPARS,4,27,2.75,2.75,5,22,72
ID06,SPARS,6,15,2.75,2.75,5,10,60
ID06,SPARS,6,18,2.75,2.75,5,0,50
ID06,SPARS,6,21,2.75,2.75,5,0,50
ID06,SPARS,8,6,2.75,2.75,5,3,53
ID06,SPARS,8,13,2.75,2.75,5,-19,31
ID06,SPARS,8,25,2.75,2.75,5,-12,38
ID06,NRS_NP,11,7,2.75,2.75,5,22,72
ID06,NRS_NP,11,17,2.75,2.75,5,1,51
ID06,NRS_NP,11,22,2.75,2.75,5,10,60
ID06,NRS_NP,13,9,2.75,2.75,5,54,104
ID06,NRS_NP,13,16,2.75,2.75,5,6,56
ID06,NRS_NP,13,25,2.75,2.75,5,37,87
ID06,NRS_NP,15,5,2.75,2.75,5,1,51
ID06,NRS_NP,15,6,2.75,2.75,5,6,56
ID06,NRS_NP,15,8,2.75,2.75,5,0,50
ID06,NRS_NP,17,12,2.75,2.75,5,17,67
ID06,NRS_NP,17,18,2.75,2.75,5,29,79
ID06,NRS_NP,17,27,2.75,2.75,5,3,53
ID06,CNRS_P,20,8,2.75,2.75,5,7,57
ID06,CNRS_P,20,17,2.75,2.75,5,0,50
ID06,CNRS_P,20,21,2.75,2.75,5,0,50
ID06,CNRS_P,22,6,2.75,2.75,5,0,50
ID06,CNRS_P,22,12,2.75,2.75,5,0,50
ID06,CNRS_P,22,13,2.75,2.75,5,0,50
ID06,CNRS_P,24,22,2.75,2.75,5,5,55
ID06,CNRS_P,24,23,2.75,2.75,5,0,50
ID06,CNRS_P,24,27,2.75,2.75,5,14,64
ID06,CNRS_P,26,16,2.75,2.75,5,3,53
ID06,CNRS_P,26,18,2.75,2.75,5,6,56
ID06,CNRS_P,26,20,2.75,2.75,5,56,106
ID07,CNRS_P,2,4,2.75,2.75,3,48,98
ID07,CNRS_P,2,12,2.75,2.75,3,7,57
ID07,CNRS_P,2,26,2.75,2.75,3,19,69
ID07,CNRS_P,4,9,2.75,2.75,3,11,61
ID07,CNRS_P,4,24,2.75,2.75,3,2,52
ID07,CNRS_P,4,26,2.75,2.75,3,20,70
ID07,CNRS_P,6,2,2.75,2.75,3,22,72
ID07,CNRS_P,6,3,2.75,2.75,3,26,76
ID07,CNRS_P,6,24,2.75,2.75,3,7,57
ID07,CNRS_P,8,11,2.75,2.75,3,14,64
ID07,CNRS_P,8,19,2.75,2.75,3,33,83
ID07,CNRS_P,8,25,2.75,2.75,3,19,69
ID07,NRS_NP,11,4,2.75,2.75,3,13,63
ID07,NRS_NP,11,12,2.75,2.75,3,67,117
ID07,NRS_NP,13,3,2.75,2.75,3,5,55
ID07,NRS_NP,13,19,2.75,2.75,3,13,63
ID07,NRS_NP,13,20,2.75,2.75,3,45,95
ID07,NRS_NP,15,9,2.75,2.75,3,10,60
ID07,NRS_NP,15,13,2.75,2.75,3,10,60
ID07,NRS_NP,15,17,2.75,2.75,3,8,58
ID07,NRS_NP,17,4,2.75,2.75,3,10,60
ID07,NRS_NP,17,7,2.75,2.75,3,1,51
ID07,NRS_NP,17,22,2.75,2.75,3,48,98
ID07,SPARS,20,6,2.75,2.75,3,-2,48
ID07,SPARS,20,12,2.75,2.75,3,-30,20
ID07,SPARS,20,25,2.75,2.75,3,-6,44
ID07,SPARS,22,8,2.75,2.75,3,-3,47
ID07,SPARS,22,12,2.75,2.75,3,-15,35
ID07,SPARS,22,22,2.75,2.75,3,12,62
ID07,SPARS,24,5,2.75,2.75,3,3,53
ID07,SPARS,24,10,2.75,2.75,3,-35,15
ID07,SPARS,24,19,2.75,2.75,3,-20,30
ID07,SPARS,26,3,2.75,2.75,3,-45,5
ID07,SPARS,26,15,2.75,2.75,3,0,50
ID07,SPARS,26,24,2.75,2.75,3,-24,26
ID01,SPARS,2,3,3,3.00,4,-16,34
ID01,SPARS,2,8,3,3.00,4,-1,49
ID01,SPARS,2,16,3,3.00,4,-33,17
ID01,SPARS,4,11,3,3.00,4,-45,5
ID01,SPARS,4,17,3,3.00,4,-27,23
ID01,SPARS,4,19,3,3.00,4,-4,46
ID01,SPARS,6,12,3,3.00,4,-37,13
ID01,SPARS,6,15,3,3.00,4,-29,21
ID01,SPARS,6,19,3,3.00,4,-37,13
ID01,SPARS,8,4,3,3.00,4,-45,5
ID01,SPARS,8,13,3,3.00,4,-44,6
ID01,SPARS,8,15,3,3.00,4,-38,12
ID01,CNRS_P,11,11,3,3.00,4,1,51
ID01,CNRS_P,11,13,3,3.00,4,0,50
ID01,CNRS_P,11,18,3,3.00,4,1,51
ID01,CNRS_P,13,15,3,3.00,4,1,51
ID01,CNRS_P,13,18,3,3.00,4,0,50
ID01,CNRS_P,13,25,3,3.00,4,1,51
ID01,CNRS_P,15,7,3,3.00,4,0,50
ID01,CNRS_P,15,16,3,3.00,4,1,51
ID01,CNRS_P,15,22,3,3.00,4,1,51
ID01,CNRS_P,17,12,3,3.00,4,1,51
ID01,CNRS_P,17,14,3,3.00,4,0,50
ID01,CNRS_P,17,22,3,3.00,4,2,52
ID01,NRS_NP,20,5,3,3.00,4,NA,NA
ID01,NRS_NP,20,7,3,3.00,4,NA,NA
ID01,NRS_NP,20,13,3,3.00,4,NA,NA
ID01,NRS_NP,22,1,3,3.00,4,NA,NA
ID01,NRS_NP,22,2,3,3.00,4,NA,NA
ID01,NRS_NP,22,14,3,3.00,4,NA,NA
ID01,NRS_NP,24,4,3,3.00,4,NA,NA
ID01,NRS_NP,24,10,3,3.00,4,NA,NA
ID01,NRS_NP,24,26,3,3.00,4,NA,NA
ID01,NRS_NP,26,2,3,3.00,4,NA,NA
ID01,NRS_NP,26,17,3,3.00,4,NA,NA
ID01,NRS_NP,26,24,3,3.00,4,NA,NA
ID02,SPARS,2,11,3,3.00,4,-19,31
ID02,SPARS,2,23,3,3.00,4,-20,30
ID02,SPARS,2,27,3,3.00,4,-16,34
ID02,SPARS,4,22,3,3.00,4,-16,34
ID02,SPARS,4,23,3,3.00,4,-9,41
ID02,SPARS,4,26,3,3.00,4,-13,37
ID02,SPARS,6,9,3,3.00,4,-16,34
ID02,SPARS,6,18,3,3.00,4,-4,46
ID02,SPARS,6,25,3,3.00,4,-14,36
ID02,SPARS,8,7,3,3.00,4,-6,44
ID02,SPARS,8,10,3,3.00,4,4,54
ID02,SPARS,8,22,3,3.00,4,-8,42
ID02,CNRS_P,11,12,3,3.00,4,2,52
ID02,CNRS_P,11,15,3,3.00,4,9,59
ID02,CNRS_P,11,17,3,3.00,4,6,56
ID02,CNRS_P,13,1,3,3.00,4,8,58
ID02,CNRS_P,13,22,3,3.00,4,4,54
ID02,CNRS_P,13,25,3,3.00,4,1,51
ID02,CNRS_P,15,5,3,3.00,4,1,51
ID02,CNRS_P,15,10,3,3.00,4,22,72
ID02,CNRS_P,15,14,3,3.00,4,17,67
ID02,CNRS_P,17,11,3,3.00,4,4,54
ID02,CNRS_P,17,22,3,3.00,4,1,51
ID02,CNRS_P,17,24,3,3.00,4,7,57
ID02,NRS_NP,20,4,3,3.00,4,83,133
ID02,NRS_NP,20,19,3,3.00,4,98,148
ID02,NRS_NP,20,20,3,3.00,4,99,149
ID02,NRS_NP,22,4,3,3.00,4,40,90
ID02,NRS_NP,22,6,3,3.00,4,52,102
ID02,NRS_NP,22,18,3,3.00,4,50,100
ID02,NRS_NP,24,14,3,3.00,4,87,137
ID02,NRS_NP,24,15,3,3.00,4,35,85
ID02,NRS_NP,24,17,3,3.00,4,94,144
ID02,NRS_NP,26,20,3,3.00,4,1,51
ID02,NRS_NP,26,23,3,3.00,4,68,118
ID02,NRS_NP,26,26,3,3.00,4,0,50
ID03,CNRS_P,2,2,3,3.00,3,7,57
ID03,CNRS_P,2,8,3,3.00,3,0,50
ID03,CNRS_P,2,21,3,3.00,3,2,52
ID03,CNRS_P,4,11,3,3.00,3,1,51
ID03,CNRS_P,4,15,3,3.00,3,3,53
ID03,CNRS_P,4,21,3,3.00,3,1,51
ID03,CNRS_P,6,2,3,3.00,3,1,51
ID03,CNRS_P,6,4,3,3.00,3,1,51
ID03,CNRS_P,6,25,3,3.00,3,3,53
ID03,CNRS_P,8,6,3,3.00,3,0,50
ID03,CNRS_P,8,7,3,3.00,3,1,51
ID03,CNRS_P,8,14,3,3.00,3,0,50
ID03,SPARS,11,1,3,3.00,3,2,52
ID03,SPARS,11,2,3,3.00,3,-20,30
ID03,SPARS,11,17,3,3.00,3,-5,45
ID03,SPARS,13,3,3,3.00,3,3,53
ID03,SPARS,13,18,3,3.00,3,2,52
ID03,SPARS,13,27,3,3.00,3,-29,21
ID03,SPARS,15,4,3,3.00,3,-8,42
ID03,SPARS,15,21,3,3.00,3,-20,30
ID03,SPARS,15,24,3,3.00,3,-33,17
ID03,SPARS,17,3,3,3.00,3,-7,43
ID03,SPARS,17,15,3,3.00,3,-26,24
ID03,SPARS,17,18,3,3.00,3,-11,39
ID03,NRS_NP,20,6,3,3.00,3,22,72
ID03,NRS_NP,20,17,3,3.00,3,0,50
ID03,NRS_NP,20,26,3,3.00,3,13,63
ID03,NRS_NP,22,3,3,3.00,3,60,110
ID03,NRS_NP,22,10,3,3.00,3,11,61
ID03,NRS_NP,22,18,3,3.00,3,37,87
ID03,NRS_NP,24,5,3,3.00,3,21,71
ID03,NRS_NP,24,19,3,3.00,3,12,62
ID03,NRS_NP,24,20,3,3.00,3,28,78
ID03,NRS_NP,26,2,3,3.00,3,76,126
ID03,NRS_NP,26,4,3,3.00,3,6,56
ID03,NRS_NP,26,24,3,3.00,3,66,116
ID04,NRS_NP,2,1,3,3.00,3,22,72
ID04,NRS_NP,2,25,3,3.00,3,9,59
ID04,NRS_NP,2,27,3,3.00,3,8,58
ID04,NRS_NP,4,1,3,3.00,3,7,57
ID04,NRS_NP,4,14,3,3.00,3,36,86
ID04,NRS_NP,4,21,3,3.00,3,9,59
ID04,NRS_NP,6,3,3,3.00,3,3,53
ID04,NRS_NP,6,13,3,3.00,3,11,61
ID04,NRS_NP,6,23,3,3.00,3,33,83
ID04,NRS_NP,8,3,3,3.00,3,50,100
ID04,NRS_NP,8,10,3,3.00,3,6,56
ID04,NRS_NP,8,14,3,3.00,3,20,70
ID04,SPARS,11,2,3,3.00,3,-36,14
ID04,SPARS,11,4,3,3.00,3,-14,36
ID04,SPARS,11,14,3,3.00,3,-42,8
ID04,SPARS,13,1,3,3.00,3,-50,0
ID04,SPARS,13,13,3,3.00,3,-16,34
ID04,SPARS,13,24,3,3.00,3,-10,40
ID04,SPARS,15,19,3,3.00,3,1,51
ID04,SPARS,15,23,3,3.00,3,-28,22
ID04,SPARS,15,27,3,3.00,3,-26,24
ID04,SPARS,17,2,3,3.00,3,-19,31
ID04,SPARS,17,7,3,3.00,3,-49,1
ID04,SPARS,17,17,3,3.00,3,-11,39
ID04,CNRS_P,20,2,3,3.00,3,25,75
ID04,CNRS_P,20,3,3,3.00,3,10,60
ID04,CNRS_P,20,24,3,3.00,3,32,82
ID04,CNRS_P,22,2,3,3.00,3,10,60
ID04,CNRS_P,22,11,3,3.00,3,1,51
ID04,CNRS_P,22,18,3,3.00,3,0,50
ID04,CNRS_P,24,5,3,3.00,3,0,50
ID04,CNRS_P,24,16,3,3.00,3,2,52
ID04,CNRS_P,24,21,3,3.00,3,2,52
ID04,CNRS_P,26,14,3,3.00,3,0,50
ID04,CNRS_P,26,19,3,3.00,3,0,50
ID04,CNRS_P,26,22,3,3.00,3,12,62
ID05,NRS_NP,2,2,3,3.00,3,31,81
ID05,NRS_NP,2,8,3,3.00,3,31,81
ID05,NRS_NP,2,24,3,3.00,3,14,64
ID05,NRS_NP,4,12,3,3.00,3,9,59
ID05,NRS_NP,4,18,3,3.00,3,1,51
ID05,NRS_NP,4,19,3,3.00,3,5,55
ID05,NRS_NP,6,10,3,3.00,3,13,63
ID05,NRS_NP,6,21,3,3.00,3,0,50
ID05,NRS_NP,6,24,3,3.00,3,3,53
ID05,NRS_NP,8,3,3,3.00,3,0,50
ID05,NRS_NP,8,7,3,3.00,3,3,53
ID05,NRS_NP,8,19,3,3.00,3,1,51
ID05,CNRS_P,11,7,3,3.00,3,0,50
ID05,CNRS_P,11,17,3,3.00,3,1,51
ID05,CNRS_P,11,20,3,3.00,3,0,50
ID05,CNRS_P,13,2,3,3.00,3,15,65
ID05,CNRS_P,13,23,3,3.00,3,0,50
ID05,CNRS_P,13,26,3,3.00,3,0,50
ID05,CNRS_P,15,3,3,3.00,3,0,50
ID05,CNRS_P,15,6,3,3.00,3,18,68
ID05,CNRS_P,15,20,3,3.00,3,0,50
ID05,CNRS_P,17,11,3,3.00,3,12,62
ID05,CNRS_P,17,14,3,3.00,3,1,51
ID05,CNRS_P,17,23,3,3.00,3,0,50
ID05,SPARS,20,3,3,3.00,3,-49,1
ID05,SPARS,20,11,3,3.00,3,-39,11
ID05,SPARS,20,17,3,3.00,3,-50,0
ID05,SPARS,22,15,3,3.00,3,-50,0
ID05,SPARS,22,18,3,3.00,3,-50,0
ID05,SPARS,22,21,3,3.00,3,-31,19
ID05,SPARS,24,9,3,3.00,3,-48,2
ID05,SPARS,24,20,3,3.00,3,-49,1
ID05,SPARS,24,24,3,3.00,3,-33,17
ID05,SPARS,26,4,3,3.00,3,-46,4
ID05,SPARS,26,12,3,3.00,3,-28,22
ID05,SPARS,26,24,3,3.00,3,-50,0
ID06,SPARS,2,2,3,3.00,6,9,59
ID06,SPARS,2,8,3,3.00,6,16,66
ID06,SPARS,2,10,3,3.00,6,12,62
ID06,SPARS,4,1,3,3.00,6,1,51
ID06,SPARS,4,17,3,3.00,6,0,50
ID06,SPARS,4,26,3,3.00,6,-32,18
ID06,SPARS,6,2,3,3.00,6,1,51
ID06,SPARS,6,7,3,3.00,6,20,70
ID06,SPARS,6,14,3,3.00,6,27,77
ID06,SPARS,8,15,3,3.00,6,-9,41
ID06,SPARS,8,20,3,3.00,6,0,50
ID06,SPARS,8,21,3,3.00,6,-10,40
ID06,NRS_NP,11,4,3,3.00,6,9,59
ID06,NRS_NP,11,9,3,3.00,6,74,124
ID06,NRS_NP,11,10,3,3.00,6,5,55
ID06,NRS_NP,13,10,3,3.00,6,6,56
ID06,NRS_NP,13,20,3,3.00,6,34,84
ID06,NRS_NP,13,24,3,3.00,6,37,87
ID06,NRS_NP,15,2,3,3.00,6,63,113
ID06,NRS_NP,15,3,3,3.00,6,98,148
ID06,NRS_NP,15,12,3,3.00,6,34,84
ID06,NRS_NP,17,9,3,3.00,6,7,57
ID06,NRS_NP,17,19,3,3.00,6,1,51
ID06,NRS_NP,17,25,3,3.00,6,89,139
ID06,CNRS_P,20,15,3,3.00,6,53,103
ID06,CNRS_P,20,22,3,3.00,6,1,51
ID06,CNRS_P,20,23,3,3.00,6,1,51
ID06,CNRS_P,22,8,3,3.00,6,4,54
ID06,CNRS_P,22,19,3,3.00,6,20,70
ID06,CNRS_P,22,22,3,3.00,6,2,52
ID06,CNRS_P,24,3,3,3.00,6,0,50
ID06,CNRS_P,24,17,3,3.00,6,4,54
ID06,CNRS_P,24,24,3,3.00,6,3,53
ID06,CNRS_P,26,19,3,3.00,6,0,50
ID06,CNRS_P,26,21,3,3.00,6,97,147
ID06,CNRS_P,26,23,3,3.00,6,58,108
ID07,CNRS_P,2,2,3,3.00,4,25,75
ID07,CNRS_P,2,9,3,3.00,4,16,66
ID07,CNRS_P,2,27,3,3.00,4,4,54
ID07,CNRS_P,4,3,3,3.00,4,4,54
ID07,CNRS_P,4,14,3,3.00,4,24,74
ID07,CNRS_P,4,25,3,3.00,4,11,61
ID07,CNRS_P,6,6,3,3.00,4,56,106
ID07,CNRS_P,6,13,3,3.00,4,30,80
ID07,CNRS_P,6,17,3,3.00,4,9,59
ID07,CNRS_P,8,7,3,3.00,4,23,73
ID07,CNRS_P,8,9,3,3.00,4,18,68
ID07,CNRS_P,8,23,3,3.00,4,37,87
ID07,NRS_NP,11,8,3,3.00,4,23,73
ID07,NRS_NP,11,20,3,3.00,4,21,71
ID07,NRS_NP,11,26,3,3.00,4,9,59
ID07,NRS_NP,13,1,3,3.00,4,9,59
ID07,NRS_NP,13,9,3,3.00,4,14,64
ID07,NRS_NP,13,25,3,3.00,4,7,57
ID07,NRS_NP,15,14,3,3.00,4,58,108
ID07,NRS_NP,15,23,3,3.00,4,36,86
ID07,NRS_NP,15,26,3,3.00,4,3,53
ID07,NRS_NP,17,19,3,3.00,4,4,54
ID07,NRS_NP,17,24,3,3.00,4,30,80
ID07,NRS_NP,17,25,3,3.00,4,19,69
ID07,SPARS,20,1,3,3.00,4,-8,42
ID07,SPARS,20,16,3,3.00,4,41,91
ID07,SPARS,20,21,3,3.00,4,4,54
ID07,SPARS,22,3,3,3.00,4,-5,45
ID07,SPARS,22,6,3,3.00,4,-10,40
ID07,SPARS,22,16,3,3.00,4,3,53
ID07,SPARS,24,2,3,3.00,4,-8,42
ID07,SPARS,24,8,3,3.00,4,-49,1
ID07,SPARS,24,18,3,3.00,4,-4,46
ID07,SPARS,26,9,3,3.00,4,-6,44
ID07,SPARS,26,14,3,3.00,4,-7,43
ID07,SPARS,26,19,3,3.00,4,-1,49
ID01,SPARS,2,6,3.25,3.25,5,0,50
ID01,SPARS,2,12,3.25,3.25,5,2,52
ID01,SPARS,2,21,3.25,3.25,5,3,53
ID01,SPARS,4,3,3.25,3.25,5,0,50
ID01,SPARS,4,15,3.25,3.25,5,2,52
ID01,SPARS,4,26,3.25,3.25,5,-8,42
ID01,SPARS,6,14,3.25,3.25,5,-5,45
ID01,SPARS,6,16,3.25,3.25,5,0,50
ID01,SPARS,6,20,3.25,3.25,5,0,50
ID01,SPARS,8,8,3.25,3.25,5,1,51
ID01,SPARS,8,14,3.25,3.25,5,-28,22
ID01,SPARS,8,25,3.25,3.25,5,-36,14
ID01,CNRS_P,11,9,3.25,3.25,5,3,53
ID01,CNRS_P,11,12,3.25,3.25,5,0,50
ID01,CNRS_P,11,23,3.25,3.25,5,1,51
ID01,CNRS_P,13,12,3.25,3.25,5,2,52
ID01,CNRS_P,13,14,3.25,3.25,5,0,50
ID01,CNRS_P,13,22,3.25,3.25,5,1,51
ID01,CNRS_P,15,6,3.25,3.25,5,1,51
ID01,CNRS_P,15,20,3.25,3.25,5,1,51
ID01,CNRS_P,15,23,3.25,3.25,5,0,50
ID01,CNRS_P,17,10,3.25,3.25,5,0,50
ID01,CNRS_P,17,24,3.25,3.25,5,3,53
ID01,CNRS_P,17,27,3.25,3.25,5,1,51
ID01,NRS_NP,20,4,3.25,3.25,5,NA,NA
ID01,NRS_NP,20,20,3.25,3.25,5,NA,NA
ID01,NRS_NP,20,24,3.25,3.25,5,NA,NA
ID01,NRS_NP,22,11,3.25,3.25,5,NA,NA
ID01,NRS_NP,22,22,3.25,3.25,5,NA,NA
ID01,NRS_NP,22,24,3.25,3.25,5,NA,NA
ID01,NRS_NP,24,8,3.25,3.25,5,NA,NA
ID01,NRS_NP,24,9,3.25,3.25,5,NA,NA
ID01,NRS_NP,24,16,3.25,3.25,5,NA,NA
ID01,NRS_NP,26,1,3.25,3.25,5,NA,NA
ID01,NRS_NP,26,5,3.25,3.25,5,NA,NA
ID01,NRS_NP,26,15,3.25,3.25,5,NA,NA
ID02,SPARS,2,12,3.25,3.25,5,-5,45
ID02,SPARS,2,17,3.25,3.25,5,-3,47
ID02,SPARS,2,18,3.25,3.25,5,-21,29
ID02,SPARS,4,3,3.25,3.25,5,7,57
ID02,SPARS,4,12,3.25,3.25,5,-8,42
ID02,SPARS,4,15,3.25,3.25,5,9,59
ID02,SPARS,6,7,3.25,3.25,5,-5,45
ID02,SPARS,6,21,3.25,3.25,5,8,58
ID02,SPARS,6,27,3.25,3.25,5,7,57
ID02,SPARS,8,3,3.25,3.25,5,-18,32
ID02,SPARS,8,4,3.25,3.25,5,-14,36
ID02,SPARS,8,8,3.25,3.25,5,5,55
ID02,CNRS_P,11,9,3.25,3.25,5,14,64
ID02,CNRS_P,11,18,3.25,3.25,5,6,56
ID02,CNRS_P,11,19,3.25,3.25,5,7,57
ID02,CNRS_P,13,10,3.25,3.25,5,2,52
ID02,CNRS_P,13,11,3.25,3.25,5,4,54
ID02,CNRS_P,13,16,3.25,3.25,5,3,53
ID02,CNRS_P,15,12,3.25,3.25,5,13,63
ID02,CNRS_P,15,13,3.25,3.25,5,38,88
ID02,CNRS_P,15,21,3.25,3.25,5,36,86
ID02,CNRS_P,17,1,3.25,3.25,5,6,56
ID02,CNRS_P,17,6,3.25,3.25,5,4,54
ID02,CNRS_P,17,16,3.25,3.25,5,5,55
ID02,NRS_NP,20,1,3.25,3.25,5,97,147
ID02,NRS_NP,20,9,3.25,3.25,5,100,150
ID02,NRS_NP,20,24,3.25,3.25,5,93,143
ID02,NRS_NP,22,3,3.25,3.25,5,66,116
ID02,NRS_NP,22,7,3.25,3.25,5,23,73
ID02,NRS_NP,22,17,3.25,3.25,5,14,64
ID02,NRS_NP,24,7,3.25,3.25,5,87,137
ID02,NRS_NP,24,13,3.25,3.25,5,70,120
ID02,NRS_NP,24,23,3.25,3.25,5,57,107
ID02,NRS_NP,26,8,3.25,3.25,5,100,150
ID02,NRS_NP,26,11,3.25,3.25,5,85,135
ID02,NRS_NP,26,16,3.25,3.25,5,93,143
ID03,CNRS_P,2,3,3.25,3.25,4,4,54
ID03,CNRS_P,2,5,3.25,3.25,4,3,53
ID03,CNRS_P,2,12,3.25,3.25,4,2,52
ID03,CNRS_P,4,2,3.25,3.25,4,1,51
ID03,CNRS_P,4,12,3.25,3.25,4,2,52
ID03,CNRS_P,4,19,3.25,3.25,4,1,51
ID03,CNRS_P,6,5,3.25,3.25,4,2,52
ID03,CNRS_P,6,16,3.25,3.25,4,1,51
ID03,CNRS_P,6,23,3.25,3.25,4,1,51
ID03,CNRS_P,8,9,3.25,3.25,4,1,51
ID03,CNRS_P,8,12,3.25,3.25,4,2,52
ID03,CNRS_P,8,18,3.25,3.25,4,3,53
ID03,SPARS,11,8,3.25,3.25,4,3,53
ID03,SPARS,11,9,3.25,3.25,4,2,52
ID03,SPARS,11,11,3.25,3.25,4,-8,42
ID03,SPARS,13,14,3.25,3.25,4,-12,38
ID03,SPARS,13,24,3.25,3.25,4,2,52
ID03,SPARS,13,25,3.25,3.25,4,3,53
ID03,SPARS,15,6,3.25,3.25,4,-2,48
ID03,SPARS,15,7,3.25,3.25,4,-3,47
ID03,SPARS,15,23,3.25,3.25,4,-23,27
ID03,SPARS,17,4,3.25,3.25,4,3,53
ID03,SPARS,17,12,3.25,3.25,4,-1,49
ID03,SPARS,17,20,3.25,3.25,4,-5,45
ID03,NRS_NP,20,5,3.25,3.25,4,71,121
ID03,NRS_NP,20,11,3.25,3.25,4,78,128
ID03,NRS_NP,20,15,3.25,3.25,4,9,59
ID03,NRS_NP,22,2,3.25,3.25,4,1,51
ID03,NRS_NP,22,6,3.25,3.25,4,29,79
ID03,NRS_NP,22,15,3.25,3.25,4,82,132
ID03,NRS_NP,24,11,3.25,3.25,4,0,50
ID03,NRS_NP,24,17,3.25,3.25,4,48,98
ID03,NRS_NP,24,18,3.25,3.25,4,61,111
ID03,NRS_NP,26,14,3.25,3.25,4,82,132
ID03,NRS_NP,26,18,3.25,3.25,4,57,107
ID03,NRS_NP,26,25,3.25,3.25,4,19,69
ID04,NRS_NP,2,5,3.25,3.25,4,34,84
ID04,NRS_NP,2,14,3.25,3.25,4,87,137
ID04,NRS_NP,2,16,3.25,3.25,4,51,101
ID04,NRS_NP,4,10,3.25,3.25,4,49,99
ID04,NRS_NP,4,11,3.25,3.25,4,46,96
ID04,NRS_NP,4,23,3.25,3.25,4,9,59
ID04,NRS_NP,6,6,3.25,3.25,4,20,70
ID04,NRS_NP,6,10,3.25,3.25,4,3,53
ID04,NRS_NP,6,16,3.25,3.25,4,7,57
ID04,NRS_NP,8,18,3.25,3.25,4,17,67
ID04,NRS_NP,8,24,3.25,3.25,4,47,97
ID04,NRS_NP,8,25,3.25,3.25,4,0,50
ID04,SPARS,11,3,3.25,3.25,4,-41,9
ID04,SPARS,11,17,3.25,3.25,4,-10,40
ID04,SPARS,11,18,3.25,3.25,4,-12,38
ID04,SPARS,13,7,3.25,3.25,4,-17,33
ID04,SPARS,13,11,3.25,3.25,4,-45,5
ID04,SPARS,13,12,3.25,3.25,4,-50,0
ID04,SPARS,15,6,3.25,3.25,4,-10,40
ID04,SPARS,15,9,3.25,3.25,4,-12,38
ID04,SPARS,15,18,3.25,3.25,4,-24,26
ID04,SPARS,17,16,3.25,3.25,4,2,52
ID04,SPARS,17,25,3.25,3.25,4,-10,40
ID04,SPARS,17,26,3.25,3.25,4,-7,43
ID04,CNRS_P,20,8,3.25,3.25,4,34,84
ID04,CNRS_P,20,11,3.25,3.25,4,25,75
ID04,CNRS_P,20,12,3.25,3.25,4,16,66
ID04,CNRS_P,22,4,3.25,3.25,4,2,52
ID04,CNRS_P,22,19,3.25,3.25,4,21,71
ID04,CNRS_P,22,22,3.25,3.25,4,31,81
ID04,CNRS_P,24,7,3.25,3.25,4,5,55
ID04,CNRS_P,24,8,3.25,3.25,4,3,53
ID04,CNRS_P,24,18,3.25,3.25,4,1,51
ID04,CNRS_P,26,17,3.25,3.25,4,0,50
ID04,CNRS_P,26,23,3.25,3.25,4,0,50
ID04,CNRS_P,26,26,3.25,3.25,4,0,50
ID05,NRS_NP,2,12,3.25,3.25,4,63,113
ID05,NRS_NP,2,20,3.25,3.25,4,55,105
ID05,NRS_NP,2,21,3.25,3.25,4,28,78
ID05,NRS_NP,4,6,3.25,3.25,4,19,69
ID05,NRS_NP,4,10,3.25,3.25,4,18,68
ID05,NRS_NP,4,23,3.25,3.25,4,1,51
ID05,NRS_NP,6,12,3.25,3.25,4,2,52
ID05,NRS_NP,6,18,3.25,3.25,4,17,67
ID05,NRS_NP,6,20,3.25,3.25,4,4,54
ID05,NRS_NP,8,4,3.25,3.25,4,17,67
ID05,NRS_NP,8,5,3.25,3.25,4,1,51
ID05,NRS_NP,8,26,3.25,3.25,4,3,53
ID05,CNRS_P,11,12,3.25,3.25,4,2,52
ID05,CNRS_P,11,24,3.25,3.25,4,0,50
ID05,CNRS_P,11,26,3.25,3.25,4,8,58
ID05,CNRS_P,13,3,3.25,3.25,4,38,88
ID05,CNRS_P,13,4,3.25,3.25,4,18,68
ID05,CNRS_P,13,20,3.25,3.25,4,33,83
ID05,CNRS_P,15,7,3.25,3.25,4,0,50
ID05,CNRS_P,15,24,3.25,3.25,4,2,52
ID05,CNRS_P,15,26,3.25,3.25,4,3,53
ID05,CNRS_P,17,5,3.25,3.25,4,1,51
ID05,CNRS_P,17,13,3.25,3.25,4,25,75
ID05,CNRS_P,17,24,3.25,3.25,4,6,56
ID05,SPARS,20,8,3.25,3.25,4,-40,10
ID05,SPARS,20,12,3.25,3.25,4,-39,11
ID05,SPARS,20,23,3.25,3.25,4,-41,9
ID05,SPARS,22,6,3.25,3.25,4,-44,6
ID05,SPARS,22,7,3.25,3.25,4,-44,6
ID05,SPARS,22,14,3.25,3.25,4,-45,5
ID05,SPARS,24,5,3.25,3.25,4,-47,3
ID05,SPARS,24,7,3.25,3.25,4,-50,0
ID05,SPARS,24,23,3.25,3.25,4,-42,8
ID05,SPARS,26,13,3.25,3.25,4,-49,1
ID05,SPARS,26,19,3.25,3.25,4,-50,0
ID05,SPARS,26,21,3.25,3.25,4,-50,0
ID06,SPARS,2,3,3.25,3.25,7,23,73
ID06,SPARS,2,9,3.25,3.25,7,33,83
ID06,SPARS,2,24,3.25,3.25,7,43,93
ID06,SPARS,4,8,3.25,3.25,7,7,57
ID06,SPARS,4,14,3.25,3.25,7,5,55
ID06,SPARS,4,18,3.25,3.25,7,1,51
ID06,SPARS,6,11,3.25,3.25,7,0,50
ID06,SPARS,6,16,3.25,3.25,7,1,51
ID06,SPARS,6,17,3.25,3.25,7,1,51
ID06,SPARS,8,3,3.25,3.25,7,-11,39
ID06,SPARS,8,14,3.25,3.25,7,-21,29
ID06,SPARS,8,16,3.25,3.25,7,-7,43
ID06,NRS_NP,11,3,3.25,3.25,7,100,150
ID06,NRS_NP,11,14,3.25,3.25,7,9,59
ID06,NRS_NP,11,19,3.25,3.25,7,11,61
ID06,NRS_NP,13,8,3.25,3.25,7,41,91
ID06,NRS_NP,13,12,3.25,3.25,7,28,78
ID06,NRS_NP,13,17,3.25,3.25,7,1,51
ID06,NRS_NP,15,15,3.25,3.25,7,12,62
ID06,NRS_NP,15,16,3.25,3.25,7,69,119
ID06,NRS_NP,15,22,3.25,3.25,7,27,77
ID06,NRS_NP,17,3,3.25,3.25,7,71,121
ID06,NRS_NP,17,7,3.25,3.25,7,36,86
ID06,NRS_NP,17,22,3.25,3.25,7,56,106
ID06,CNRS_P,20,10,3.25,3.25,7,2,52
ID06,CNRS_P,20,12,3.25,3.25,7,50,100
ID06,CNRS_P,20,16,3.25,3.25,7,1,51
ID06,CNRS_P,22,1,3.25,3.25,7,4,54
ID06,CNRS_P,22,10,3.25,3.25,7,71,121
ID06,CNRS_P,22,21,3.25,3.25,7,89,139
ID06,CNRS_P,24,7,3.25,3.25,7,2,52
ID06,CNRS_P,24,9,3.25,3.25,7,1,51
ID06,CNRS_P,24,10,3.25,3.25,7,4,54
ID06,CNRS_P,26,14,3.25,3.25,7,34,84
ID06,CNRS_P,26,15,3.25,3.25,7,78,128
ID06,CNRS_P,26,24,3.25,3.25,7,52,102
ID07,CNRS_P,2,8,3.25,3.25,5,29,79
ID07,CNRS_P,2,15,3.25,3.25,5,16,66
ID07,CNRS_P,2,23,3.25,3.25,5,10,60
ID07,CNRS_P,4,5,3.25,3.25,5,20,70
ID07,CNRS_P,4,18,3.25,3.25,5,38,88
ID07,CNRS_P,4,21,3.25,3.25,5,9,59
ID07,CNRS_P,6,4,3.25,3.25,5,5,55
ID07,CNRS_P,6,7,3.25,3.25,5,36,86
ID07,CNRS_P,8,6,3.25,3.25,5,30,80
ID07,CNRS_P,8,15,3.25,3.25,5,14,64
ID07,CNRS_P,8,24,3.25,3.25,5,39,89
ID07,NRS_NP,11,3,3.25,3.25,5,15,65
ID07,NRS_NP,11,7,3.25,3.25,5,15,65
ID07,NRS_NP,11,17,3.25,3.25,5,27,77
ID07,NRS_NP,13,2,3.25,3.25,5,17,67
ID07,NRS_NP,13,8,3.25,3.25,5,17,67
ID07,NRS_NP,13,14,3.25,3.25,5,60,110
ID07,NRS_NP,15,6,3.25,3.25,5,26,76
ID07,NRS_NP,15,7,3.25,3.25,5,43,93
ID07,NRS_NP,15,24,3.25,3.25,5,5,55
ID07,NRS_NP,17,2,3.25,3.25,5,9,59
ID07,NRS_NP,17,6,3.25,3.25,5,21,71
ID07,NRS_NP,17,18,3.25,3.25,5,31,81
ID07,SPARS,20,4,3.25,3.25,5,0,50
ID07,SPARS,20,8,3.25,3.25,5,3,53
ID07,SPARS,20,24,3.25,3.25,5,5,55
ID07,SPARS,22,1,3.25,3.25,5,-9,41
ID07,SPARS,22,9,3.25,3.25,5,-11,39
ID07,SPARS,22,26,3.25,3.25,5,-10,40
ID07,SPARS,24,4,3.25,3.25,5,-14,36
ID07,SPARS,24,17,3.25,3.25,5,-22,28
ID07,SPARS,24,23,3.25,3.25,5,-20,30
ID07,SPARS,26,1,3.25,3.25,5,-5,45
ID07,SPARS,26,8,3.25,3.25,5,-7,43
ID07,SPARS,26,22,3.25,3.25,5,-4,46
ID01,SPARS,2,11,3.5,3.50,6,8,58
ID01,SPARS,2,24,3.5,3.50,6,5,55
ID01,SPARS,2,26,3.5,3.50,6,7,57
ID01,SPARS,4,4,3.5,3.50,6,2,52
ID01,SPARS,4,18,3.5,3.50,6,3,53
ID01,SPARS,4,23,3.5,3.50,6,0,50
ID01,SPARS,6,1,3.5,3.50,6,-1,49
ID01,SPARS,6,3,3.5,3.50,6,1,51
ID01,SPARS,6,7,3.5,3.50,6,3,53
ID01,SPARS,8,9,3.5,3.50,6,-1,49
ID01,SPARS,8,10,3.5,3.50,6,-38,12
ID01,SPARS,8,19,3.5,3.50,6,-1,49
ID01,CNRS_P,11,10,3.5,3.50,6,7,57
ID01,CNRS_P,11,21,3.5,3.50,6,2,52
ID01,CNRS_P,11,22,3.5,3.50,6,3,53
ID01,CNRS_P,13,4,3.5,3.50,6,1,51
ID01,CNRS_P,13,5,3.5,3.50,6,2,52
ID01,CNRS_P,13,19,3.5,3.50,6,4,54
ID01,CNRS_P,15,1,3.5,3.50,6,2,52
ID01,CNRS_P,15,14,3.5,3.50,6,7,57
ID01,CNRS_P,15,15,3.5,3.50,6,2,52
ID01,CNRS_P,17,4,3.5,3.50,6,1,51
ID01,CNRS_P,17,11,3.5,3.50,6,2,52
ID01,CNRS_P,17,25,3.5,3.50,6,3,53
ID01,NRS_NP,20,1,3.5,3.50,6,NA,NA
ID01,NRS_NP,20,16,3.5,3.50,6,NA,NA
ID01,NRS_NP,20,19,3.5,3.50,6,NA,NA
ID01,NRS_NP,22,3,3.5,3.50,6,NA,NA
ID01,NRS_NP,22,8,3.5,3.50,6,NA,NA
ID01,NRS_NP,22,9,3.5,3.50,6,NA,NA
ID01,NRS_NP,24,1,3.5,3.50,6,NA,NA
ID01,NRS_NP,24,15,3.5,3.50,6,NA,NA
ID01,NRS_NP,24,22,3.5,3.50,6,NA,NA
ID01,NRS_NP,26,6,3.5,3.50,6,NA,NA
ID01,NRS_NP,26,8,3.5,3.50,6,NA,NA
ID01,NRS_NP,26,26,3.5,3.50,6,NA,NA
ID02,SPARS,2,5,3.5,3.50,6,6,56
ID02,SPARS,2,13,3.5,3.50,6,9,59
ID02,SPARS,2,14,3.5,3.50,6,0,50
ID02,SPARS,4,10,3.5,3.50,6,4,54
ID02,SPARS,4,16,3.5,3.50,6,9,59
ID02,SPARS,4,24,3.5,3.50,6,12,62
ID02,SPARS,6,8,3.5,3.50,6,8,58
ID02,SPARS,6,12,3.5,3.50,6,-5,45
ID02,SPARS,8,9,3.5,3.50,6,10,60
ID02,SPARS,8,12,3.5,3.50,6,7,57
ID02,SPARS,8,15,3.5,3.50,6,-11,39
ID02,CNRS_P,11,3,3.5,3.50,6,19,69
ID02,CNRS_P,11,6,3.5,3.50,6,7,57
ID02,CNRS_P,11,20,3.5,3.50,6,10,60
ID02,CNRS_P,13,9,3.5,3.50,6,4,54
ID02,CNRS_P,13,12,3.5,3.50,6,1,51
ID02,CNRS_P,13,23,3.5,3.50,6,4,54
ID02,CNRS_P,15,11,3.5,3.50,6,19,69
ID02,CNRS_P,15,15,3.5,3.50,6,50,100
ID02,CNRS_P,15,22,3.5,3.50,6,25,75
ID02,CNRS_P,17,8,3.5,3.50,6,9,59
ID02,CNRS_P,17,14,3.5,3.50,6,5,55
ID02,CNRS_P,17,20,3.5,3.50,6,14,64
ID02,NRS_NP,20,11,3.5,3.50,6,88,138
ID02,NRS_NP,20,15,3.5,3.50,6,100,150
ID02,NRS_NP,20,21,3.5,3.50,6,100,150
ID02,NRS_NP,22,1,3.5,3.50,6,100,150
ID02,NRS_NP,22,2,3.5,3.50,6,22,72
ID02,NRS_NP,22,25,3.5,3.50,6,100,150
ID02,NRS_NP,24,6,3.5,3.50,6,86,136
ID02,NRS_NP,24,24,3.5,3.50,6,34,84
ID02,NRS_NP,24,25,3.5,3.50,6,16,66
ID02,NRS_NP,26,7,3.5,3.50,6,65,115
ID02,NRS_NP,26,15,3.5,3.50,6,100,150
ID02,NRS_NP,26,21,3.5,3.50,6,99,149
ID03,CNRS_P,2,10,3.5,3.50,5,2,52
ID03,CNRS_P,2,24,3.5,3.50,5,7,57
ID03,CNRS_P,2,25,3.5,3.50,5,0,50
ID03,CNRS_P,4,6,3.5,3.50,5,1,51
ID03,CNRS_P,4,8,3.5,3.50,5,1,51
ID03,CNRS_P,4,10,3.5,3.50,5,6,56
ID03,CNRS_P,6,12,3.5,3.50,5,1,51
ID03,CNRS_P,6,20,3.5,3.50,5,1,51
ID03,CNRS_P,6,21,3.5,3.50,5,1,51
ID03,CNRS_P,8,10,3.5,3.50,5,1,51
ID03,CNRS_P,8,11,3.5,3.50,5,0,50
ID03,CNRS_P,8,21,3.5,3.50,5,1,51
ID03,SPARS,11,13,3.5,3.50,5,-9,41
ID03,SPARS,11,21,3.5,3.50,5,-4,46
ID03,SPARS,11,26,3.5,3.50,5,-16,34
ID03,SPARS,13,8,3.5,3.50,5,1,51
ID03,SPARS,13,22,3.5,3.50,5,-6,44
ID03,SPARS,13,26,3.5,3.50,5,-28,22
ID03,SPARS,15,1,3.5,3.50,5,-36,14
ID03,SPARS,15,3,3.5,3.50,5,-10,40
ID03,SPARS,15,18,3.5,3.50,5,-1,49
ID03,SPARS,17,7,3.5,3.50,5,1,51
ID03,SPARS,17,23,3.5,3.50,5,9,59
ID03,SPARS,17,25,3.5,3.50,5,1,51
ID03,NRS_NP,20,23,3.5,3.50,5,9,59
ID03,NRS_NP,20,24,3.5,3.50,5,16,66
ID03,NRS_NP,20,27,3.5,3.50,5,16,66
ID03,NRS_NP,22,5,3.5,3.50,5,78,128
ID03,NRS_NP,22,12,3.5,3.50,5,12,62
ID03,NRS_NP,22,21,3.5,3.50,5,70,120
ID03,NRS_NP,24,2,3.5,3.50,5,35,85
ID03,NRS_NP,24,13,3.5,3.50,5,30,80
ID03,NRS_NP,24,21,3.5,3.50,5,27,77
ID03,NRS_NP,26,7,3.5,3.50,5,24,74
ID03,NRS_NP,26,21,3.5,3.50,5,29,79
ID03,NRS_NP,26,27,3.5,3.50,5,22,72
ID04,NRS_NP,2,6,3.5,3.50,5,26,76
ID04,NRS_NP,2,9,3.5,3.50,5,82,132
ID04,NRS_NP,2,21,3.5,3.50,5,15,65
ID04,NRS_NP,4,5,3.5,3.50,5,36,86
ID04,NRS_NP,4,24,3.5,3.50,5,7,57
ID04,NRS_NP,4,27,3.5,3.50,5,33,83
ID04,NRS_NP,6,2,3.5,3.50,5,34,84
ID04,NRS_NP,6,4,3.5,3.50,5,29,79
ID04,NRS_NP,6,27,3.5,3.50,5,16,66
ID04,NRS_NP,8,2,3.5,3.50,5,10,60
ID04,NRS_NP,8,19,3.5,3.50,5,78,128
ID04,NRS_NP,8,20,3.5,3.50,5,68,118
ID04,SPARS,11,20,3.5,3.50,5,-45,5
ID04,SPARS,11,21,3.5,3.50,5,-2,48
ID04,SPARS,11,26,3.5,3.50,5,-6,44
ID04,SPARS,13,15,3.5,3.50,5,-6,44
ID04,SPARS,13,21,3.5,3.50,5,-16,34
ID04,SPARS,13,25,3.5,3.50,5,-8,42
ID04,SPARS,15,5,3.5,3.50,5,-42,8
ID04,SPARS,15,12,3.5,3.50,5,2,52
ID04,SPARS,15,13,3.5,3.50,5,-16,34
ID04,SPARS,17,15,3.5,3.50,5,-33,17
ID04,SPARS,17,20,3.5,3.50,5,-41,9
ID04,SPARS,17,22,3.5,3.50,5,1,51
ID04,CNRS_P,20,15,3.5,3.50,5,21,71
ID04,CNRS_P,20,21,3.5,3.50,5,21,71
ID04,CNRS_P,20,27,3.5,3.50,5,0,50
ID04,CNRS_P,22,17,3.5,3.50,5,5,55
ID04,CNRS_P,22,20,3.5,3.50,5,16,66
ID04,CNRS_P,22,27,3.5,3.50,5,12,62
ID04,CNRS_P,24,11,3.5,3.50,5,6,56
ID04,CNRS_P,24,14,3.5,3.50,5,2,52
ID04,CNRS_P,24,27,3.5,3.50,5,3,53
ID04,CNRS_P,26,15,3.5,3.50,5,4,54
ID04,CNRS_P,26,16,3.5,3.50,5,1,51
ID04,CNRS_P,26,27,3.5,3.50,5,20,70
ID05,NRS_NP,2,1,3.5,3.50,5,68,118
ID05,NRS_NP,2,4,3.5,3.50,5,48,98
ID05,NRS_NP,2,5,3.5,3.50,5,51,101
ID05,NRS_NP,4,7,3.5,3.50,5,33,83
ID05,NRS_NP,4,25,3.5,3.50,5,10,60
ID05,NRS_NP,4,27,3.5,3.50,5,9,59
ID05,NRS_NP,6,5,3.5,3.50,5,33,83
ID05,NRS_NP,6,16,3.5,3.50,5,23,73
ID05,NRS_NP,6,27,3.5,3.50,5,1,51
ID05,NRS_NP,8,10,3.5,3.50,5,14,64
ID05,NRS_NP,8,20,3.5,3.50,5,36,86
ID05,NRS_NP,8,24,3.5,3.50,5,3,53
ID05,CNRS_P,11,1,3.5,3.50,5,0,50
ID05,CNRS_P,11,5,3.5,3.50,5,13,63
ID05,CNRS_P,11,23,3.5,3.50,5,5,55
ID05,CNRS_P,13,12,3.5,3.50,5,11,61
ID05,CNRS_P,13,13,3.5,3.50,5,68,118
ID05,CNRS_P,13,25,3.5,3.50,5,13,63
ID05,CNRS_P,15,12,3.5,3.50,5,18,68
ID05,CNRS_P,15,21,3.5,3.50,5,16,66
ID05,CNRS_P,15,27,3.5,3.50,5,3,53
ID05,CNRS_P,17,10,3.5,3.50,5,11,61
ID05,CNRS_P,17,12,3.5,3.50,5,10,60
ID05,CNRS_P,17,18,3.5,3.50,5,0,50
ID05,SPARS,20,2,3.5,3.50,5,-30,20
ID05,SPARS,20,13,3.5,3.50,5,-45,5
ID05,SPARS,20,25,3.5,3.50,5,-46,4
ID05,SPARS,22,11,3.5,3.50,5,-49,1
ID05,SPARS,22,13,3.5,3.50,5,-38,12
ID05,SPARS,22,22,3.5,3.50,5,-50,0
ID05,SPARS,24,11,3.5,3.50,5,-40,10
ID05,SPARS,24,12,3.5,3.50,5,4,54
ID05,SPARS,24,26,3.5,3.50,5,-49,1
ID05,SPARS,26,2,3.5,3.50,5,-42,8
ID05,SPARS,26,6,3.5,3.50,5,-48,2
ID05,SPARS,26,8,3.5,3.50,5,-42,8
ID06,SPARS,2,12,3.5,3.50,8,30,80
ID06,SPARS,2,13,3.5,3.50,8,26,76
ID06,SPARS,2,23,3.5,3.50,8,32,82
ID06,SPARS,4,5,3.5,3.50,8,16,66
ID06,SPARS,4,11,3.5,3.50,8,27,77
ID06,SPARS,4,16,3.5,3.50,8,14,64
ID06,SPARS,6,5,3.5,3.50,8,1,51
ID06,SPARS,6,10,3.5,3.50,8,6,56
ID06,SPARS,6,12,3.5,3.50,8,5,55
ID06,SPARS,8,7,3.5,3.50,8,0,50
ID06,SPARS,8,19,3.5,3.50,8,11,61
ID06,SPARS,8,24,3.5,3.50,8,6,56
ID06,NRS_NP,11,15,3.5,3.50,8,10,60
ID06,NRS_NP,11,20,3.5,3.50,8,70,120
ID06,NRS_NP,11,23,3.5,3.50,8,22,72
ID06,NRS_NP,13,5,3.5,3.50,8,71,121
ID06,NRS_NP,13,6,3.5,3.50,8,6,56
ID06,NRS_NP,13,26,3.5,3.50,8,44,94
ID06,NRS_NP,15,11,3.5,3.50,8,97,147
ID06,NRS_NP,15,13,3.5,3.50,8,47,97
ID06,NRS_NP,15,18,3.5,3.50,8,25,75
ID06,NRS_NP,17,11,3.5,3.50,8,14,64
ID06,NRS_NP,17,17,3.5,3.50,8,100,150
ID06,NRS_NP,17,21,3.5,3.50,8,82,132
ID06,CNRS_P,20,1,3.5,3.50,8,2,52
ID06,CNRS_P,20,2,3.5,3.50,8,26,76
ID06,CNRS_P,20,4,3.5,3.50,8,63,113
ID06,CNRS_P,22,2,3.5,3.50,8,11,61
ID06,CNRS_P,22,3,3.5,3.50,8,22,72
ID06,CNRS_P,22,17,3.5,3.50,8,97,147
ID06,CNRS_P,24,1,3.5,3.50,8,39,89
ID06,CNRS_P,24,6,3.5,3.50,8,65,115
ID06,CNRS_P,24,19,3.5,3.50,8,56,106
ID06,CNRS_P,26,3,3.5,3.50,8,42,92
ID06,CNRS_P,26,6,3.5,3.50,8,7,57
ID06,CNRS_P,26,8,3.5,3.50,8,15,65
ID07,CNRS_P,2,13,3.5,3.50,6,60,110
ID07,CNRS_P,2,16,3.5,3.50,6,76,126
ID07,CNRS_P,2,17,3.5,3.50,6,68,118
ID07,CNRS_P,4,2,3.5,3.50,6,15,65
ID07,CNRS_P,4,8,3.5,3.50,6,66,116
ID07,CNRS_P,4,12,3.5,3.50,6,78,128
ID07,CNRS_P,6,8,3.5,3.50,6,73,123
ID07,CNRS_P,6,10,3.5,3.50,6,24,74
ID07,CNRS_P,6,25,3.5,3.50,6,40,90
ID07,CNRS_P,8,12,3.5,3.50,6,39,89
ID07,CNRS_P,8,22,3.5,3.50,6,7,57
ID07,CNRS_P,8,27,3.5,3.50,6,36,86
ID07,NRS_NP,11,5,3.5,3.50,6,21,71
ID07,NRS_NP,11,18,3.5,3.50,6,54,104
ID07,NRS_NP,11,24,3.5,3.50,6,40,90
ID07,NRS_NP,13,4,3.5,3.50,6,41,91
ID07,NRS_NP,13,6,3.5,3.50,6,25,75
ID07,NRS_NP,13,13,3.5,3.50,6,28,78
ID07,NRS_NP,15,10,3.5,3.50,6,34,84
ID07,NRS_NP,15,22,3.5,3.50,6,53,103
ID07,NRS_NP,15,27,3.5,3.50,6,33,83
ID07,NRS_NP,17,3,3.5,3.50,6,39,89
ID07,NRS_NP,17,11,3.5,3.50,6,40,90
ID07,NRS_NP,17,20,3.5,3.50,6,29,79
ID07,SPARS,20,10,3.5,3.50,6,15,65
ID07,SPARS,20,14,3.5,3.50,6,8,58
ID07,SPARS,20,23,3.5,3.50,6,-1,49
ID07,SPARS,22,5,3.5,3.50,6,-19,31
ID07,SPARS,22,7,3.5,3.50,6,0,50
ID07,SPARS,22,24,3.5,3.50,6,0,50
ID07,SPARS,24,14,3.5,3.50,6,-19,31
ID07,SPARS,24,26,3.5,3.50,6,-5,45
ID07,SPARS,26,4,3.5,3.50,6,8,58
ID07,SPARS,26,17,3.5,3.50,6,-15,35
ID07,SPARS,26,21,3.5,3.50,6,1,51
ID01,SPARS,2,1,3.75,3.75,7,3,53
ID01,SPARS,2,10,3.75,3.75,7,5,55
ID01,SPARS,2,18,3.75,3.75,7,6,56
ID01,SPARS,4,1,3.75,3.75,7,4,54
ID01,SPARS,4,12,3.75,3.75,7,1,51
ID01,SPARS,4,13,3.75,3.75,7,-50,0
ID01,SPARS,6,6,3.75,3.75,7,2,52
ID01,SPARS,6,10,3.75,3.75,7,3,53
ID01,SPARS,6,21,3.75,3.75,7,0,50
ID01,SPARS,8,16,3.75,3.75,7,0,50
ID01,SPARS,8,21,3.75,3.75,7,1,51
ID01,SPARS,8,26,3.75,3.75,7,0,50
ID01,CNRS_P,11,1,3.75,3.75,7,34,84
ID01,CNRS_P,11,15,3.75,3.75,7,4,54
ID01,CNRS_P,11,27,3.75,3.75,7,0,50
ID01,CNRS_P,13,3,3.75,3.75,7,5,55
ID01,CNRS_P,13,7,3.75,3.75,7,5,55
ID01,CNRS_P,13,17,3.75,3.75,7,3,53
ID01,CNRS_P,15,13,3.75,3.75,7,11,61
ID01,CNRS_P,15,17,3.75,3.75,7,13,63
ID01,CNRS_P,15,26,3.75,3.75,7,7,57
ID01,CNRS_P,17,9,3.75,3.75,7,3,53
ID01,CNRS_P,17,16,3.75,3.75,7,1,51
ID01,CNRS_P,17,17,3.75,3.75,7,0,50
ID01,NRS_NP,20,2,3.75,3.75,7,NA,NA
ID01,NRS_NP,20,8,3.75,3.75,7,NA,NA
ID01,NRS_NP,20,25,3.75,3.75,7,NA,NA
ID01,NRS_NP,22,6,3.75,3.75,7,NA,NA
ID01,NRS_NP,22,13,3.75,3.75,7,NA,NA
ID01,NRS_NP,22,23,3.75,3.75,7,NA,NA
ID01,NRS_NP,24,5,3.75,3.75,7,NA,NA
ID01,NRS_NP,24,23,3.75,3.75,7,NA,NA
ID01,NRS_NP,24,27,3.75,3.75,7,NA,NA
ID01,NRS_NP,26,10,3.75,3.75,7,NA,NA
ID01,NRS_NP,26,16,3.75,3.75,7,NA,NA
ID01,NRS_NP,26,20,3.75,3.75,7,NA,NA
ID02,SPARS,2,10,3.75,3.75,7,12,62
ID02,SPARS,2,19,3.75,3.75,7,9,59
ID02,SPARS,2,21,3.75,3.75,7,7,57
ID02,SPARS,4,6,3.75,3.75,7,7,57
ID02,SPARS,4,14,3.75,3.75,7,18,68
ID02,SPARS,4,20,3.75,3.75,7,15,65
ID02,SPARS,6,4,3.75,3.75,7,17,67
ID02,SPARS,6,10,3.75,3.75,7,14,64
ID02,SPARS,6,20,3.75,3.75,7,-50,0
ID02,SPARS,8,1,3.75,3.75,7,16,66
ID02,SPARS,8,11,3.75,3.75,7,21,71
ID02,SPARS,8,18,3.75,3.75,7,22,72
ID02,CNRS_P,11,11,3.75,3.75,7,17,67
ID02,CNRS_P,11,14,3.75,3.75,7,16,66
ID02,CNRS_P,11,24,3.75,3.75,7,57,107
ID02,CNRS_P,13,8,3.75,3.75,7,43,93
ID02,CNRS_P,13,13,3.75,3.75,7,59,109
ID02,CNRS_P,13,27,3.75,3.75,7,18,68
ID02,CNRS_P,15,4,3.75,3.75,7,42,92
ID02,CNRS_P,15,8,3.75,3.75,7,8,58
ID02,CNRS_P,15,25,3.75,3.75,7,56,106
ID02,CNRS_P,17,18,3.75,3.75,7,52,102
ID02,CNRS_P,17,26,3.75,3.75,7,35,85
ID02,CNRS_P,17,27,3.75,3.75,7,28,78
ID02,NRS_NP,20,7,3.75,3.75,7,99,149
ID02,NRS_NP,20,16,3.75,3.75,7,100,150
ID02,NRS_NP,20,27,3.75,3.75,7,100,150
ID02,NRS_NP,22,19,3.75,3.75,7,100,150
ID02,NRS_NP,22,22,3.75,3.75,7,100,150
ID02,NRS_NP,22,23,3.75,3.75,7,100,150
ID02,NRS_NP,24,4,3.75,3.75,7,63,113
ID02,NRS_NP,24,10,3.75,3.75,7,100,150
ID02,NRS_NP,24,12,3.75,3.75,7,96,146
ID02,NRS_NP,26,4,3.75,3.75,7,100,150
ID02,NRS_NP,26,5,3.75,3.75,7,100,150
ID02,NRS_NP,26,17,3.75,3.75,7,100,150
ID03,CNRS_P,2,16,3.75,3.75,6,2,52
ID03,CNRS_P,2,22,3.75,3.75,6,1,51
ID03,CNRS_P,4,5,3.75,3.75,6,2,52
ID03,CNRS_P,4,18,3.75,3.75,6,3,53
ID03,CNRS_P,4,26,3.75,3.75,6,1,51
ID03,CNRS_P,6,15,3.75,3.75,6,2,52
ID03,CNRS_P,6,19,3.75,3.75,6,1,51
ID03,CNRS_P,6,27,3.75,3.75,6,1,51
ID03,CNRS_P,8,1,3.75,3.75,6,0,50
ID03,CNRS_P,8,8,3.75,3.75,6,1,51
ID03,CNRS_P,8,27,3.75,3.75,6,1,51
ID03,SPARS,11,3,3.75,3.75,6,-9,41
ID03,SPARS,11,22,3.75,3.75,6,-6,44
ID03,SPARS,11,24,3.75,3.75,6,-4,46
ID03,SPARS,13,2,3.75,3.75,6,2,52
ID03,SPARS,13,16,3.75,3.75,6,-14,36
ID03,SPARS,13,17,3.75,3.75,6,-4,46
ID03,SPARS,15,5,3.75,3.75,6,-10,40
ID03,SPARS,15,16,3.75,3.75,6,5,55
ID03,SPARS,15,20,3.75,3.75,6,-1,49
ID03,SPARS,17,8,3.75,3.75,6,-6,44
ID03,SPARS,17,10,3.75,3.75,6,1,51
ID03,SPARS,17,13,3.75,3.75,6,-6,44
ID03,NRS_NP,20,14,3.75,3.75,6,57,107
ID03,NRS_NP,20,19,3.75,3.75,6,39,89
ID03,NRS_NP,20,22,3.75,3.75,6,91,141
ID03,NRS_NP,22,7,3.75,3.75,6,38,88
ID03,NRS_NP,22,13,3.75,3.75,6,61,111
ID03,NRS_NP,22,27,3.75,3.75,6,60,110
ID03,NRS_NP,24,8,3.75,3.75,6,33,83
ID03,NRS_NP,24,9,3.75,3.75,6,68,118
ID03,NRS_NP,24,25,3.75,3.75,6,40,90
ID03,NRS_NP,26,1,3.75,3.75,6,0,50
ID03,NRS_NP,26,11,3.75,3.75,6,75,125
ID03,NRS_NP,26,15,3.75,3.75,6,32,82
ID04,NRS_NP,2,8,3.75,3.75,6,99,149
ID04,NRS_NP,2,10,3.75,3.75,6,58,108
ID04,NRS_NP,2,11,3.75,3.75,6,94,144
ID04,NRS_NP,4,7,3.75,3.75,6,97,147
ID04,NRS_NP,4,8,3.75,3.75,6,67,117
ID04,NRS_NP,4,16,3.75,3.75,6,68,118
ID04,NRS_NP,6,9,3.75,3.75,6,29,79
ID04,NRS_NP,6,19,3.75,3.75,6,16,66
ID04,NRS_NP,6,21,3.75,3.75,6,25,75
ID04,NRS_NP,8,4,3.75,3.75,6,76,126
ID04,NRS_NP,8,8,3.75,3.75,6,2,52
ID04,NRS_NP,8,26,3.75,3.75,6,22,72
ID04,SPARS,11,1,3.75,3.75,6,-6,44
ID04,SPARS,11,5,3.75,3.75,6,0,50
ID04,SPARS,11,8,3.75,3.75,6,0,50
ID04,SPARS,13,6,3.75,3.75,6,-1,49
ID04,SPARS,13,23,3.75,3.75,6,-2,48
ID04,SPARS,13,27,3.75,3.75,6,1,51
ID04,SPARS,15,1,3.75,3.75,6,-48,2
ID04,SPARS,15,8,3.75,3.75,6,-10,40
ID04,SPARS,15,14,3.75,3.75,6,-2,48
ID04,SPARS,17,18,3.75,3.75,6,26,76
ID04,SPARS,17,19,3.75,3.75,6,1,51
ID04,SPARS,17,27,3.75,3.75,6,33,83
ID04,CNRS_P,20,5,3.75,3.75,6,25,75
ID04,CNRS_P,20,9,3.75,3.75,6,67,117
ID04,CNRS_P,20,23,3.75,3.75,6,40,90
ID04,CNRS_P,22,1,3.75,3.75,6,15,65
ID04,CNRS_P,22,14,3.75,3.75,6,14,64
ID04,CNRS_P,22,21,3.75,3.75,6,1,51
ID04,CNRS_P,24,9,3.75,3.75,6,4,54
ID04,CNRS_P,24,19,3.75,3.75,6,18,68
ID04,CNRS_P,24,20,3.75,3.75,6,14,64
ID04,CNRS_P,26,11,3.75,3.75,6,16,66
ID04,CNRS_P,26,18,3.75,3.75,6,0,50
ID04,CNRS_P,26,25,3.75,3.75,6,3,53
ID05,NRS_NP,2,15,3.75,3.75,6,74,124
ID05,NRS_NP,2,17,3.75,3.75,6,79,129
ID05,NRS_NP,2,23,3.75,3.75,6,81,131
ID05,NRS_NP,4,1,3.75,3.75,6,73,123
ID05,NRS_NP,4,11,3.75,3.75,6,72,122
ID05,NRS_NP,4,15,3.75,3.75,6,66,116
ID05,NRS_NP,6,4,3.75,3.75,6,56,106
ID05,NRS_NP,6,13,3.75,3.75,6,19,69
ID05,NRS_NP,6,25,3.75,3.75,6,67,117
ID05,NRS_NP,8,8,3.75,3.75,6,34,84
ID05,NRS_NP,8,11,3.75,3.75,6,2,52
ID05,NRS_NP,8,15,3.75,3.75,6,2,52
ID05,CNRS_P,11,2,3.75,3.75,6,15,65
ID05,CNRS_P,11,6,3.75,3.75,6,21,71
ID05,CNRS_P,11,8,3.75,3.75,6,15,65
ID05,CNRS_P,13,1,3.75,3.75,6,60,110
ID05,CNRS_P,13,10,3.75,3.75,6,68,118
ID05,CNRS_P,13,17,3.75,3.75,6,9,59
ID05,CNRS_P,15,15,3.75,3.75,6,1,51
ID05,CNRS_P,15,19,3.75,3.75,6,72,122
ID05,CNRS_P,15,23,3.75,3.75,6,57,107
ID05,CNRS_P,17,4,3.75,3.75,6,13,63
ID05,CNRS_P,17,6,3.75,3.75,6,66,116
ID05,CNRS_P,17,16,3.75,3.75,6,3,53
ID05,SPARS,20,15,3.75,3.75,6,31,81
ID05,SPARS,20,18,3.75,3.75,6,-38,12
ID05,SPARS,20,22,3.75,3.75,6,-33,17
ID05,SPARS,22,3,3.75,3.75,6,-34,16
ID05,SPARS,22,5,3.75,3.75,6,-37,13
ID05,SPARS,22,16,3.75,3.75,6,-18,32
ID05,SPARS,24,4,3.75,3.75,6,-47,3
ID05,SPARS,24,6,3.75,3.75,6,-47,3
ID05,SPARS,24,17,3.75,3.75,6,-36,14
ID05,SPARS,26,7,3.75,3.75,6,-25,25
ID05,SPARS,26,11,3.75,3.75,6,-50,0
ID05,SPARS,26,27,3.75,3.75,6,-12,38
ID06,SPARS,2,14,3.75,3.75,9,46,96
ID06,SPARS,2,19,3.75,3.75,9,21,71
ID06,SPARS,2,20,3.75,3.75,9,31,81
ID06,SPARS,4,4,3.75,3.75,9,26,76
ID06,SPARS,4,12,3.75,3.75,9,47,97
ID06,SPARS,4,22,3.75,3.75,9,27,77
ID06,SPARS,6,1,3.75,3.75,9,8,58
ID06,SPARS,6,13,3.75,3.75,9,13,63
ID06,SPARS,6,25,3.75,3.75,9,25,75
ID06,SPARS,8,1,3.75,3.75,9,9,59
ID06,SPARS,8,8,3.75,3.75,9,1,51
ID06,SPARS,8,27,3.75,3.75,9,18,68
ID06,NRS_NP,11,8,3.75,3.75,9,100,150
ID06,NRS_NP,11,25,3.75,3.75,9,99,149
ID06,NRS_NP,13,1,3.75,3.75,9,58,108
ID06,NRS_NP,13,11,3.75,3.75,9,79,129
ID06,NRS_NP,13,14,3.75,3.75,9,30,80
ID06,NRS_NP,15,14,3.75,3.75,9,66,116
ID06,NRS_NP,15,24,3.75,3.75,9,100,150
ID06,NRS_NP,15,26,3.75,3.75,9,99,149
ID06,NRS_NP,17,16,3.75,3.75,9,99,149
ID06,NRS_NP,17,20,3.75,3.75,9,100,150
ID06,NRS_NP,17,24,3.75,3.75,9,77,127
ID06,CNRS_P,20,3,3.75,3.75,9,58,108
ID06,CNRS_P,20,14,3.75,3.75,9,21,71
ID06,CNRS_P,20,18,3.75,3.75,9,92,142
ID06,CNRS_P,22,11,3.75,3.75,9,79,129
ID06,CNRS_P,22,20,3.75,3.75,9,71,121
ID06,CNRS_P,22,24,3.75,3.75,9,55,105
ID06,CNRS_P,24,11,3.75,3.75,9,9,59
ID06,CNRS_P,24,13,3.75,3.75,9,62,112
ID06,CNRS_P,24,18,3.75,3.75,9,40,90
ID06,CNRS_P,26,5,3.75,3.75,9,18,68
ID06,CNRS_P,26,9,3.75,3.75,9,12,62
ID06,CNRS_P,26,26,3.75,3.75,9,91,141
ID07,CNRS_P,2,6,3.75,3.75,7,90,140
ID07,CNRS_P,2,11,3.75,3.75,7,59,109
ID07,CNRS_P,2,18,3.75,3.75,7,55,105
ID07,CNRS_P,4,6,3.75,3.75,7,38,88
ID07,CNRS_P,4,11,3.75,3.75,7,59,109
ID07,CNRS_P,4,19,3.75,3.75,7,86,136
ID07,CNRS_P,6,5,3.75,3.75,7,97,147
ID07,CNRS_P,6,11,3.75,3.75,7,75,125
ID07,CNRS_P,6,20,3.75,3.75,7,87,137
ID07,CNRS_P,8,2,3.75,3.75,7,36,86
ID07,CNRS_P,8,3,3.75,3.75,7,77,127
ID07,CNRS_P,8,5,3.75,3.75,7,88,138
ID07,NRS_NP,11,1,3.75,3.75,7,18,68
ID07,NRS_NP,11,16,3.75,3.75,7,89,139
ID07,NRS_NP,11,22,3.75,3.75,7,88,138
ID07,NRS_NP,13,5,3.75,3.75,7,29,79
ID07,NRS_NP,13,15,3.75,3.75,7,90,140
ID07,NRS_NP,13,27,3.75,3.75,7,43,93
ID07,NRS_NP,15,5,3.75,3.75,7,42,92
ID07,NRS_NP,15,8,3.75,3.75,7,61,111
ID07,NRS_NP,15,18,3.75,3.75,7,88,138
ID07,NRS_NP,17,5,3.75,3.75,7,54,104
ID07,NRS_NP,17,21,3.75,3.75,7,63,113
ID07,NRS_NP,17,26,3.75,3.75,7,21,71
ID07,SPARS,20,7,3.75,3.75,7,8,58
ID07,SPARS,20,20,3.75,3.75,7,5,55
ID07,SPARS,20,22,3.75,3.75,7,0,50
ID07,SPARS,22,4,3.75,3.75,7,4,54
ID07,SPARS,22,15,3.75,3.75,7,0,50
ID07,SPARS,22,17,3.75,3.75,7,0,50
ID07,SPARS,24,12,3.75,3.75,7,10,60
ID07,SPARS,24,20,3.75,3.75,7,8,58
ID07,SPARS,24,22,3.75,3.75,7,1,51
ID07,SPARS,26,11,3.75,3.75,7,-5,45
ID07,SPARS,26,23,3.75,3.75,7,-7,43
ID07,SPARS,26,27,3.75,3.75,7,-21,29
ID01,SPARS,2,2,4,4.00,8,4,54
ID01,SPARS,2,19,4,4.00,8,7,57
ID01,SPARS,2,25,4,4.00,8,6,56
ID01,SPARS,4,9,4,4.00,8,8,58
ID01,SPARS,4,14,4,4.00,8,7,57
ID01,SPARS,4,27,4,4.00,8,3,53
ID01,SPARS,6,4,4,4.00,8,6,56
ID01,SPARS,6,8,4,4.00,8,1,51
ID01,SPARS,6,17,4,4.00,8,15,65
ID01,SPARS,8,1,4,4.00,8,-1,49
ID01,SPARS,8,20,4,4.00,8,1,51
ID01,SPARS,8,22,4,4.00,8,1,51
ID01,CNRS_P,11,6,4,4.00,8,4,54
ID01,CNRS_P,11,24,4,4.00,8,11,61
ID01,CNRS_P,11,25,4,4.00,8,16,66
ID01,CNRS_P,13,1,4,4.00,8,1,51
ID01,CNRS_P,13,2,4,4.00,8,4,54
ID01,CNRS_P,13,27,4,4.00,8,7,57
ID01,CNRS_P,15,5,4,4.00,8,4,54
ID01,CNRS_P,15,10,4,4.00,8,7,57
ID01,CNRS_P,15,12,4,4.00,8,13,63
ID01,CNRS_P,17,3,4,4.00,8,5,55
ID01,CNRS_P,17,13,4,4.00,8,13,63
ID01,CNRS_P,17,26,4,4.00,8,15,65
ID01,NRS_NP,20,11,4,4.00,8,NA,NA
ID01,NRS_NP,20,21,4,4.00,8,NA,NA
ID01,NRS_NP,20,26,4,4.00,8,NA,NA
ID01,NRS_NP,22,5,4,4.00,8,NA,NA
ID01,NRS_NP,22,16,4,4.00,8,NA,NA
ID01,NRS_NP,22,26,4,4.00,8,NA,NA
ID01,NRS_NP,24,13,4,4.00,8,NA,NA
ID01,NRS_NP,24,21,4,4.00,8,NA,NA
ID01,NRS_NP,24,25,4,4.00,8,NA,NA
ID01,NRS_NP,26,7,4,4.00,8,NA,NA
ID01,NRS_NP,26,12,4,4.00,8,NA,NA
ID01,NRS_NP,26,21,4,4.00,8,NA,NA
ID02,SPARS,2,3,4,4.00,8,14,64
ID02,SPARS,2,4,4,4.00,8,10,60
ID02,SPARS,2,25,4,4.00,8,22,72
ID02,SPARS,4,7,4,4.00,8,15,65
ID02,SPARS,4,11,4,4.00,8,15,65
ID02,SPARS,4,27,4,4.00,8,19,69
ID02,SPARS,6,15,4,4.00,8,26,76
ID02,SPARS,6,23,4,4.00,8,20,70
ID02,SPARS,6,24,4,4.00,8,20,70
ID02,SPARS,8,2,4,4.00,8,11,61
ID02,SPARS,8,21,4,4.00,8,14,64
ID02,SPARS,8,25,4,4.00,8,16,66
ID02,CNRS_P,11,2,4,4.00,8,26,76
ID02,CNRS_P,11,21,4,4.00,8,56,106
ID02,CNRS_P,11,27,4,4.00,8,53,103
ID02,CNRS_P,13,3,4,4.00,8,59,109
ID02,CNRS_P,13,6,4,4.00,8,64,114
ID02,CNRS_P,13,17,4,4.00,8,57,107
ID02,CNRS_P,15,3,4,4.00,8,62,112
ID02,CNRS_P,15,16,4,4.00,8,65,115
ID02,CNRS_P,15,26,4,4.00,8,68,118
ID02,CNRS_P,17,5,4,4.00,8,55,105
ID02,CNRS_P,17,12,4,4.00,8,64,114
ID02,CNRS_P,17,25,4,4.00,8,64,114
ID02,NRS_NP,20,17,4,4.00,8,100,150
ID02,NRS_NP,20,22,4,4.00,8,100,150
ID02,NRS_NP,20,25,4,4.00,8,100,150
ID02,NRS_NP,22,10,4,4.00,8,100,150
ID02,NRS_NP,22,15,4,4.00,8,100,150
ID02,NRS_NP,22,21,4,4.00,8,100,150
ID02,NRS_NP,24,1,4,4.00,8,100,150
ID02,NRS_NP,24,9,4,4.00,8,100,150
ID02,NRS_NP,24,27,4,4.00,8,100,150
ID02,NRS_NP,26,2,4,4.00,8,100,150
ID02,NRS_NP,26,22,4,4.00,8,100,150
ID02,NRS_NP,26,24,4,4.00,8,100,150
ID03,CNRS_P,2,14,4,4.00,7,11,61
ID03,CNRS_P,2,19,4,4.00,7,4,54
ID03,CNRS_P,2,27,4,4.00,7,0,50
ID03,CNRS_P,4,1,4,4.00,7,1,51
ID03,CNRS_P,4,4,4,4.00,7,13,63
ID03,CNRS_P,4,25,4,4.00,7,1,51
ID03,CNRS_P,6,22,4,4.00,7,12,62
ID03,CNRS_P,6,24,4,4.00,7,2,52
ID03,CNRS_P,6,26,4,4.00,7,1,51
ID03,CNRS_P,8,2,4,4.00,7,2,52
ID03,CNRS_P,8,15,4,4.00,7,2,52
ID03,CNRS_P,8,23,4,4.00,7,13,63
ID03,SPARS,11,14,4,4.00,7,6,56
ID03,SPARS,11,16,4,4.00,7,1,51
ID03,SPARS,11,23,4,4.00,7,6,56
ID03,SPARS,13,1,4,4.00,7,-26,24
ID03,SPARS,13,7,4,4.00,7,-11,39
ID03,SPARS,13,21,4,4.00,7,1,51
ID03,SPARS,15,15,4,4.00,7,1,51
ID03,SPARS,15,25,4,4.00,7,1,51
ID03,SPARS,15,26,4,4.00,7,-31,19
ID03,SPARS,17,6,4,4.00,7,0,50
ID03,SPARS,17,24,4,4.00,7,-2,48
ID03,SPARS,17,26,4,4.00,7,0,50
ID03,NRS_NP,20,10,4,4.00,7,27,77
ID03,NRS_NP,20,21,4,4.00,7,90,140
ID03,NRS_NP,20,25,4,4.00,7,74,124
ID03,NRS_NP,22,4,4,4.00,7,70,120
ID03,NRS_NP,22,9,4,4.00,7,1,51
ID03,NRS_NP,22,19,4,4.00,7,57,107
ID03,NRS_NP,24,6,4,4.00,7,71,121
ID03,NRS_NP,24,16,4,4.00,7,80,130
ID03,NRS_NP,24,24,4,4.00,7,51,101
ID03,NRS_NP,26,19,4,4.00,7,65,115
ID03,NRS_NP,26,20,4,4.00,7,14,64
ID03,NRS_NP,26,22,4,4.00,7,80,130
ID04,NRS_NP,2,4,4,4.00,7,82,132
ID04,NRS_NP,2,20,4,4.00,7,93,143
ID04,NRS_NP,2,26,4,4.00,7,17,67
ID04,NRS_NP,4,4,4,4.00,7,99,149
ID04,NRS_NP,4,13,4,4.00,7,99,149
ID04,NRS_NP,4,19,4,4.00,7,98,148
ID04,NRS_NP,6,8,4,4.00,7,36,86
ID04,NRS_NP,6,18,4,4.00,7,84,134
ID04,NRS_NP,6,25,4,4.00,7,78,128
ID04,NRS_NP,8,7,4,4.00,7,70,120
ID04,NRS_NP,8,21,4,4.00,7,9,59
ID04,NRS_NP,8,22,4,4.00,7,82,132
ID04,SPARS,11,6,4,4.00,7,25,75
ID04,SPARS,11,13,4,4.00,7,3,53
ID04,SPARS,11,19,4,4.00,7,2,52
ID04,SPARS,13,10,4,4.00,7,11,61
ID04,SPARS,13,16,4,4.00,7,2,52
ID04,SPARS,13,17,4,4.00,7,-11,39
ID04,SPARS,15,10,4,4.00,7,1,51
ID04,SPARS,15,24,4,4.00,7,-5,45
ID04,SPARS,15,25,4,4.00,7,-8,42
ID04,SPARS,17,3,4,4.00,7,-7,43
ID04,SPARS,17,8,4,4.00,7,10,60
ID04,SPARS,17,21,4,4.00,7,43,93
ID04,CNRS_P,20,6,4,4.00,7,58,108
ID04,CNRS_P,20,19,4,4.00,7,76,126
ID04,CNRS_P,20,26,4,4.00,7,56,106
ID04,CNRS_P,22,7,4,4.00,7,14,64
ID04,CNRS_P,22,8,4,4.00,7,42,92
ID04,CNRS_P,22,24,4,4.00,7,22,72
ID04,CNRS_P,24,6,4,4.00,7,18,68
ID04,CNRS_P,24,22,4,4.00,7,3,53
ID04,CNRS_P,24,25,4,4.00,7,0,50
ID04,CNRS_P,26,4,4,4.00,7,23,73
ID04,CNRS_P,26,12,4,4.00,7,11,61
ID04,CNRS_P,26,21,4,4.00,7,4,54
ID05,NRS_NP,2,6,4,4.00,7,79,129
ID05,NRS_NP,2,7,4,4.00,7,63,113
ID05,NRS_NP,2,27,4,4.00,7,99,149
ID05,NRS_NP,4,8,4,4.00,7,78,128
ID05,NRS_NP,4,21,4,4.00,7,98,148
ID05,NRS_NP,4,22,4,4.00,7,80,130
ID05,NRS_NP,6,11,4,4.00,7,97,147
ID05,NRS_NP,6,15,4,4.00,7,69,119
ID05,NRS_NP,6,19,4,4.00,7,82,132
ID05,NRS_NP,8,12,4,4.00,7,76,126
ID05,NRS_NP,8,23,4,4.00,7,91,141
ID05,NRS_NP,8,27,4,4.00,7,31,81
ID05,CNRS_P,11,10,4,4.00,7,37,87
ID05,CNRS_P,11,22,4,4.00,7,18,68
ID05,CNRS_P,11,25,4,4.00,7,10,60
ID05,CNRS_P,13,5,4,4.00,7,4,54
ID05,CNRS_P,13,6,4,4.00,7,74,124
ID05,CNRS_P,13,27,4,4.00,7,55,105
ID05,CNRS_P,15,1,4,4.00,7,41,91
ID05,CNRS_P,15,5,4,4.00,7,71,121
ID05,CNRS_P,15,14,4,4.00,7,1,51
ID05,CNRS_P,17,2,4,4.00,7,3,53
ID05,CNRS_P,17,8,4,4.00,7,59,109
ID05,CNRS_P,17,26,4,4.00,7,12,62
ID05,SPARS,20,4,4,4.00,7,-43,7
ID05,SPARS,20,16,4,4.00,7,39,89
ID05,SPARS,20,19,4,4.00,7,-37,13
ID05,SPARS,22,19,4,4.00,7,-14,36
ID05,SPARS,22,24,4,4.00,7,5,55
ID05,SPARS,22,27,4,4.00,7,-40,10
ID05,SPARS,24,2,4,4.00,7,-41,9
ID05,SPARS,24,21,4,4.00,7,16,66
ID05,SPARS,24,22,4,4.00,7,-40,10
ID05,SPARS,26,10,4,4.00,7,13,63
ID05,SPARS,26,18,4,4.00,7,-3,47
ID05,SPARS,26,26,4,4.00,7,-15,35
ID07,CNRS_P,2,7,4,4.00,8,97,147
ID07,CNRS_P,2,14,4,4.00,8,74,124
ID07,CNRS_P,2,19,4,4.00,8,80,130
ID07,CNRS_P,4,7,4,4.00,8,61,111
ID07,CNRS_P,4,17,4,4.00,8,80,130
ID07,CNRS_P,4,22,4,4.00,8,92,142
ID07,CNRS_P,6,9,4,4.00,8,91,141
ID07,CNRS_P,6,18,4,4.00,8,98,148
ID07,CNRS_P,6,22,4,4.00,8,80,130
ID07,CNRS_P,8,13,4,4.00,8,65,115
ID07,CNRS_P,8,18,4,4.00,8,85,135
ID07,CNRS_P,8,20,4,4.00,8,80,130
ID07,NRS_NP,11,2,4,4.00,8,78,128
ID07,NRS_NP,11,19,4,4.00,8,47,97
ID07,NRS_NP,11,25,4,4.00,8,86,136
ID07,NRS_NP,13,10,4,4.00,8,84,134
ID07,NRS_NP,13,16,4,4.00,8,59,109
ID07,NRS_NP,13,22,4,4.00,8,71,121
ID07,NRS_NP,15,15,4,4.00,8,71,121
ID07,NRS_NP,15,19,4,4.00,8,19,69
ID07,NRS_NP,15,21,4,4.00,8,93,143
ID07,NRS_NP,17,8,4,4.00,8,53,103
ID07,NRS_NP,17,10,4,4.00,8,91,141
ID07,NRS_NP,17,16,4,4.00,8,39,89
ID07,SPARS,20,11,4,4.00,8,2,52
ID07,SPARS,20,15,4,4.00,8,19,69
ID07,SPARS,20,27,4,4.00,8,0,50
ID07,SPARS,22,11,4,4.00,8,14,64
ID07,SPARS,22,20,4,4.00,8,6,56
ID07,SPARS,22,27,4,4.00,8,0,50
ID07,SPARS,24,15,4,4.00,8,8,58
ID07,SPARS,24,24,4,4.00,8,21,71
ID07,SPARS,24,27,4,4.00,8,5,55
ID07,SPARS,26,7,4,4.00,8,17,67
ID07,SPARS,26,20,4,4.00,8,17,67
ID07,SPARS,26,25,4,4.00,8,3,53
ID01,SPARS,2,7,4.25,4.25,9,15,65
ID01,SPARS,2,13,4.25,4.25,9,13,63
ID01,SPARS,2,17,4.25,4.25,9,9,59
ID01,SPARS,4,2,4.25,4.25,9,10,60
ID01,SPARS,4,5,4.25,4.25,9,10,60
ID01,SPARS,4,22,4.25,4.25,9,4,54
ID01,SPARS,6,23,4.25,4.25,9,3,53
ID01,SPARS,6,24,4.25,4.25,9,13,63
ID01,SPARS,6,26,4.25,4.25,9,5,55
ID01,SPARS,8,6,4.25,4.25,9,4,54
ID01,SPARS,8,18,4.25,4.25,9,5,55
ID01,SPARS,8,27,4.25,4.25,9,-1,49
ID01,CNRS_P,11,2,4.25,4.25,9,36,86
ID01,CNRS_P,11,16,4.25,4.25,9,25,75
ID01,CNRS_P,11,26,4.25,4.25,9,18,68
ID01,CNRS_P,13,10,4.25,4.25,9,24,74
ID01,CNRS_P,13,11,4.25,4.25,9,7,57
ID01,CNRS_P,13,13,4.25,4.25,9,27,77
ID01,CNRS_P,15,11,4.25,4.25,9,19,69
ID01,CNRS_P,15,18,4.25,4.25,9,23,73
ID01,CNRS_P,15,27,4.25,4.25,9,28,78
ID01,CNRS_P,17,5,4.25,4.25,9,16,66
ID01,CNRS_P,17,8,4.25,4.25,9,4,54
ID01,CNRS_P,17,19,4.25,4.25,9,3,53
ID01,NRS_NP,20,9,4.25,4.25,9,NA,NA
ID01,NRS_NP,20,17,4.25,4.25,9,NA,NA
ID01,NRS_NP,20,27,4.25,4.25,9,NA,NA
ID01,NRS_NP,22,15,4.25,4.25,9,NA,NA
ID01,NRS_NP,22,17,4.25,4.25,9,NA,NA
ID01,NRS_NP,22,20,4.25,4.25,9,NA,NA
ID01,NRS_NP,24,2,4.25,4.25,9,NA,NA
ID01,NRS_NP,24,17,4.25,4.25,9,NA,NA
ID01,NRS_NP,24,20,4.25,4.25,9,NA,NA
ID01,NRS_NP,26,3,4.25,4.25,9,NA,NA
ID01,NRS_NP,26,9,4.25,4.25,9,NA,NA
ID01,NRS_NP,26,27,4.25,4.25,9,NA,NA
ID02,SPARS,2,6,4.25,4.25,9,13,63
ID02,SPARS,2,15,4.25,4.25,9,16,66
ID02,SPARS,2,20,4.25,4.25,9,19,69
ID02,SPARS,4,1,4.25,4.25,9,21,71
ID02,SPARS,4,9,4.25,4.25,9,22,72
ID02,SPARS,4,13,4.25,4.25,9,18,68
ID02,SPARS,6,2,4.25,4.25,9,17,67
ID02,SPARS,6,5,4.25,4.25,9,23,73
ID02,SPARS,6,6,4.25,4.25,9,15,65
ID02,SPARS,8,5,4.25,4.25,9,17,67
ID02,SPARS,8,14,4.25,4.25,9,20,70
ID02,SPARS,8,27,4.25,4.25,9,25,75
ID02,CNRS_P,11,7,4.25,4.25,9,59,109
ID02,CNRS_P,11,10,4.25,4.25,9,65,115
ID02,CNRS_P,11,26,4.25,4.25,9,63,113
ID02,CNRS_P,13,4,4.25,4.25,9,67,117
ID02,CNRS_P,13,18,4.25,4.25,9,69,119
ID02,CNRS_P,13,19,4.25,4.25,9,61,111
ID02,CNRS_P,15,18,4.25,4.25,9,66,116
ID02,CNRS_P,15,19,4.25,4.25,9,58,108
ID02,CNRS_P,15,27,4.25,4.25,9,72,122
ID02,CNRS_P,17,4,4.25,4.25,9,64,114
ID02,CNRS_P,17,19,4.25,4.25,9,71,121
ID02,CNRS_P,17,21,4.25,4.25,9,67,117
ID02,NRS_NP,20,13,4.25,4.25,9,100,150
ID02,NRS_NP,20,18,4.25,4.25,9,100,150
ID02,NRS_NP,20,26,4.25,4.25,9,100,150
ID02,NRS_NP,22,8,4.25,4.25,9,100,150
ID02,NRS_NP,22,11,4.25,4.25,9,100,150
ID02,NRS_NP,22,27,4.25,4.25,9,100,150
ID02,NRS_NP,24,5,4.25,4.25,9,100,150
ID02,NRS_NP,24,16,4.25,4.25,9,100,150
ID02,NRS_NP,24,19,4.25,4.25,9,100,150
ID02,NRS_NP,26,14,4.25,4.25,9,100,150
ID02,NRS_NP,26,25,4.25,4.25,9,100,150
ID02,NRS_NP,26,27,4.25,4.25,9,100,150
ID03,CNRS_P,2,1,4.25,4.25,8,9,59
ID03,CNRS_P,2,11,4.25,4.25,8,1,51
ID03,CNRS_P,2,18,4.25,4.25,8,12,62
ID03,CNRS_P,4,7,4.25,4.25,8,1,51
ID03,CNRS_P,4,16,4.25,4.25,8,5,55
ID03,CNRS_P,4,17,4.25,4.25,8,7,57
ID03,CNRS_P,6,6,4.25,4.25,8,8,58
ID03,CNRS_P,6,17,4.25,4.25,8,4,54
ID03,CNRS_P,6,18,4.25,4.25,8,1,51
ID03,CNRS_P,8,16,4.25,4.25,8,1,51
ID03,CNRS_P,8,17,4.25,4.25,8,6,56
ID03,CNRS_P,8,26,4.25,4.25,8,1,51
ID03,SPARS,11,4,4.25,4.25,8,1,51
ID03,SPARS,11,10,4.25,4.25,8,4,54
ID03,SPARS,11,27,4.25,4.25,8,-1,49
ID03,SPARS,13,4,4.25,4.25,8,5,55
ID03,SPARS,13,13,4.25,4.25,8,5,55
ID03,SPARS,13,15,4.25,4.25,8,3,53
ID03,SPARS,15,9,4.25,4.25,8,-8,42
ID03,SPARS,15,19,4.25,4.25,8,7,57
ID03,SPARS,15,27,4.25,4.25,8,3,53
ID03,SPARS,17,14,4.25,4.25,8,-17,33
ID03,SPARS,17,21,4.25,4.25,8,-9,41
ID03,SPARS,17,27,4.25,4.25,8,2,52
ID03,NRS_NP,20,2,4.25,4.25,8,87,137
ID03,NRS_NP,20,13,4.25,4.25,8,95,145
ID03,NRS_NP,20,20,4.25,4.25,8,88,138
ID03,NRS_NP,22,14,4.25,4.25,8,84,134
ID03,NRS_NP,22,20,4.25,4.25,8,74,124
ID03,NRS_NP,22,23,4.25,4.25,8,56,106
ID03,NRS_NP,24,12,4.25,4.25,8,63,113
ID03,NRS_NP,24,15,4.25,4.25,8,65,115
ID03,NRS_NP,24,27,4.25,4.25,8,81,131
ID03,NRS_NP,26,12,4.25,4.25,8,79,129
ID03,NRS_NP,26,16,4.25,4.25,8,98,148
ID03,NRS_NP,26,26,4.25,4.25,8,46,96
ID04,NRS_NP,2,2,4.25,4.25,8,100,150
ID04,NRS_NP,2,22,4.25,4.25,8,98,148
ID04,NRS_NP,2,23,4.25,4.25,8,99,149
ID04,NRS_NP,4,9,4.25,4.25,8,81,131
ID04,NRS_NP,4,22,4.25,4.25,8,91,141
ID04,NRS_NP,4,26,4.25,4.25,8,99,149
ID04,NRS_NP,6,12,4.25,4.25,8,18,68
ID04,NRS_NP,6,20,4.25,4.25,8,87,137
ID04,NRS_NP,6,26,4.25,4.25,8,96,146
ID04,NRS_NP,8,5,4.25,4.25,8,90,140
ID04,NRS_NP,8,16,4.25,4.25,8,74,124
ID04,NRS_NP,8,27,4.25,4.25,8,72,122
ID04,SPARS,11,12,4.25,4.25,8,50,100
ID04,SPARS,11,15,4.25,4.25,8,47,97
ID04,SPARS,11,16,4.25,4.25,8,7,57
ID04,SPARS,13,2,4.25,4.25,8,-2,48
ID04,SPARS,13,19,4.25,4.25,8,42,92
ID04,SPARS,13,26,4.25,4.25,8,34,84
ID04,SPARS,15,3,4.25,4.25,8,6,56
ID04,SPARS,15,15,4.25,4.25,8,44,94
ID04,SPARS,15,26,4.25,4.25,8,27,77
ID04,SPARS,17,10,4.25,4.25,8,42,92
ID04,SPARS,17,13,4.25,4.25,8,3,53
ID04,SPARS,17,24,4.25,4.25,8,42,92
ID04,CNRS_P,20,13,4.25,4.25,8,93,143
ID04,CNRS_P,20,16,4.25,4.25,8,93,143
ID04,CNRS_P,20,20,4.25,4.25,8,88,138
ID04,CNRS_P,22,6,4.25,4.25,8,15,65
ID04,CNRS_P,22,10,4.25,4.25,8,50,100
ID04,CNRS_P,22,26,4.25,4.25,8,58,108
ID04,CNRS_P,24,3,4.25,4.25,8,62,112
ID04,CNRS_P,24,10,4.25,4.25,8,69,119
ID04,CNRS_P,24,26,4.25,4.25,8,4,54
ID04,CNRS_P,26,2,4.25,4.25,8,6,56
ID04,CNRS_P,26,3,4.25,4.25,8,33,83
ID04,CNRS_P,26,8,4.25,4.25,8,64,114
ID05,NRS_NP,2,13,4.25,4.25,8,99,149
ID05,NRS_NP,2,16,4.25,4.25,8,98,148
ID05,NRS_NP,4,2,4.25,4.25,8,92,142
ID05,NRS_NP,4,14,4.25,4.25,8,80,130
ID05,NRS_NP,4,16,4.25,4.25,8,78,128
ID05,NRS_NP,6,2,4.25,4.25,8,87,137
ID05,NRS_NP,6,14,4.25,4.25,8,57,107
ID05,NRS_NP,6,22,4.25,4.25,8,97,147
ID05,NRS_NP,8,16,4.25,4.25,8,54,104
ID05,NRS_NP,8,18,4.25,4.25,8,93,143
ID05,NRS_NP,8,25,4.25,4.25,8,66,116
ID05,CNRS_P,11,3,4.25,4.25,8,54,104
ID05,CNRS_P,11,16,4.25,4.25,8,66,116
ID05,CNRS_P,11,27,4.25,4.25,8,11,61
ID05,CNRS_P,13,7,4.25,4.25,8,58,108
ID05,CNRS_P,13,19,4.25,4.25,8,28,78
ID05,CNRS_P,13,21,4.25,4.25,8,67,117
ID05,CNRS_P,15,4,4.25,4.25,8,42,92
ID05,CNRS_P,15,9,4.25,4.25,8,69,119
ID05,CNRS_P,15,25,4.25,4.25,8,77,127
ID05,CNRS_P,17,7,4.25,4.25,8,32,82
ID05,CNRS_P,17,20,4.25,4.25,8,67,117
ID05,CNRS_P,17,27,4.25,4.25,8,91,141
ID05,SPARS,20,1,4.25,4.25,8,-9,41
ID05,SPARS,20,14,4.25,4.25,8,13,63
ID05,SPARS,20,27,4.25,4.25,8,8,58
ID05,SPARS,22,4,4.25,4.25,8,9,59
ID05,SPARS,22,9,4.25,4.25,8,34,84
ID05,SPARS,22,23,4.25,4.25,8,37,87
ID05,SPARS,24,13,4.25,4.25,8,-15,35
ID05,SPARS,24,19,4.25,4.25,8,10,60
ID05,SPARS,24,25,4.25,4.25,8,12,62
ID05,SPARS,26,17,4.25,4.25,8,7,57
ID05,SPARS,26,22,4.25,4.25,8,10,60
ID05,SPARS,26,25,4.25,4.25,8,40,90
ID07,CNRS_P,2,5,4.25,4.25,9,89,139
ID07,CNRS_P,2,24,4.25,4.25,9,50,100
ID07,CNRS_P,2,25,4.25,4.25,9,64,114
ID07,CNRS_P,4,16,4.25,4.25,9,50,100
ID07,CNRS_P,4,23,4.25,4.25,9,71,121
ID07,CNRS_P,4,27,4.25,4.25,9,65,115
ID07,CNRS_P,6,12,4.25,4.25,9,82,132
ID07,CNRS_P,6,16,4.25,4.25,9,70,120
ID07,CNRS_P,6,26,4.25,4.25,9,46,96
ID07,CNRS_P,8,8,4.25,4.25,9,60,110
ID07,CNRS_P,8,10,4.25,4.25,9,66,116
ID07,CNRS_P,8,21,4.25,4.25,9,91,141
ID07,NRS_NP,11,9,4.25,4.25,9,61,111
ID07,NRS_NP,11,23,4.25,4.25,9,61,111
ID07,NRS_NP,11,27,4.25,4.25,9,92,142
ID07,NRS_NP,13,7,4.25,4.25,9,80,130
ID07,NRS_NP,13,23,4.25,4.25,9,60,110
ID07,NRS_NP,13,26,4.25,4.25,9,60,110
ID07,NRS_NP,15,1,4.25,4.25,9,42,92
ID07,NRS_NP,15,2,4.25,4.25,9,60,110
ID07,NRS_NP,15,4,4.25,4.25,9,57,107
ID07,NRS_NP,17,1,4.25,4.25,9,63,113
ID07,NRS_NP,17,9,4.25,4.25,9,76,126
ID07,NRS_NP,17,27,4.25,4.25,9,76,126
ID07,SPARS,20,5,4.25,4.25,9,10,60
ID07,SPARS,20,9,4.25,4.25,9,23,73
ID07,SPARS,20,18,4.25,4.25,9,17,67
ID07,SPARS,22,10,4.25,4.25,9,7,57
ID07,SPARS,22,14,4.25,4.25,9,9,59
ID07,SPARS,22,19,4.25,4.25,9,24,74
ID07,SPARS,24,6,4.25,4.25,9,31,81
ID07,SPARS,24,16,4.25,4.25,9,-10,40
ID07,SPARS,24,25,4.25,4.25,9,-9,41
ID07,SPARS,26,10,4.25,4.25,9,0,50
ID07,SPARS,26,13,4.25,4.25,9,7,57
ID07,SPARS,26,18,4.25,4.25,9,9,59
ID03,CNRS_P,2,6,4.5,4.50,9,11,61
ID03,CNRS_P,2,15,4.5,4.50,9,4,54
ID03,CNRS_P,2,23,4.5,4.50,9,1,51
ID03,CNRS_P,4,14,4.5,4.50,9,7,57
ID03,CNRS_P,4,24,4.5,4.50,9,14,64
ID03,CNRS_P,4,27,4.5,4.50,9,13,63
ID03,CNRS_P,6,3,4.5,4.50,9,14,64
ID03,CNRS_P,6,7,4.5,4.50,9,1,51
ID03,CNRS_P,6,13,4.5,4.50,9,14,64
ID03,CNRS_P,8,5,4.5,4.50,9,7,57
ID03,CNRS_P,8,20,4.5,4.50,9,11,61
ID03,CNRS_P,8,22,4.5,4.50,9,17,67
ID03,SPARS,11,7,4.5,4.50,9,-1,49
ID03,SPARS,11,18,4.5,4.50,9,3,53
ID03,SPARS,11,19,4.5,4.50,9,1,51
ID03,SPARS,13,6,4.5,4.50,9,3,53
ID03,SPARS,13,12,4.5,4.50,9,6,56
ID03,SPARS,13,23,4.5,4.50,9,-3,47
ID03,SPARS,15,10,4.5,4.50,9,3,53
ID03,SPARS,15,12,4.5,4.50,9,2,52
ID03,SPARS,17,5,4.5,4.50,9,3,53
ID03,SPARS,17,9,4.5,4.50,9,-2,48
ID03,SPARS,17,16,4.5,4.50,9,13,63
ID03,NRS_NP,20,3,4.5,4.50,9,77,127
ID03,NRS_NP,20,4,4.5,4.50,9,89,139
ID03,NRS_NP,20,9,4.5,4.50,9,79,129
ID03,NRS_NP,22,8,4.5,4.50,9,71,121
ID03,NRS_NP,22,24,4.5,4.50,9,62,112
ID03,NRS_NP,22,25,4.5,4.50,9,69,119
ID03,NRS_NP,24,4,4.5,4.50,9,61,111
ID03,NRS_NP,24,14,4.5,4.50,9,91,141
ID03,NRS_NP,24,22,4.5,4.50,9,80,130
ID03,NRS_NP,26,5,4.5,4.50,9,85,135
ID03,NRS_NP,26,8,4.5,4.50,9,85,135
ID03,NRS_NP,26,13,4.5,4.50,9,93,143
ID04,NRS_NP,2,3,4.5,4.50,9,96,146
ID04,NRS_NP,2,7,4.5,4.50,9,89,139
ID04,NRS_NP,2,18,4.5,4.50,9,99,149
ID04,NRS_NP,4,6,4.5,4.50,9,99,149
ID04,NRS_NP,4,17,4.5,4.50,9,98,148
ID04,NRS_NP,4,18,4.5,4.50,9,99,149
ID04,NRS_NP,6,1,4.5,4.50,9,99,149
ID04,NRS_NP,6,7,4.5,4.50,9,5,55
ID04,NRS_NP,6,22,4.5,4.50,9,99,149
ID04,NRS_NP,8,6,4.5,4.50,9,99,149
ID04,NRS_NP,8,11,4.5,4.50,9,100,150
ID04,NRS_NP,8,15,4.5,4.50,9,77,127
ID04,SPARS,11,10,4.5,4.50,9,48,98
ID04,SPARS,11,25,4.5,4.50,9,1,51
ID04,SPARS,11,27,4.5,4.50,9,30,80
ID04,SPARS,13,5,4.5,4.50,9,5,55
ID04,SPARS,13,9,4.5,4.50,9,45,95
ID04,SPARS,13,18,4.5,4.50,9,41,91
ID04,SPARS,15,2,4.5,4.50,9,43,93
ID04,SPARS,15,4,4.5,4.50,9,13,63
ID04,SPARS,15,22,4.5,4.50,9,49,99
ID04,SPARS,17,4,4.5,4.50,9,32,82
ID04,SPARS,17,11,4.5,4.50,9,41,91
ID04,SPARS,17,12,4.5,4.50,9,33,83
ID04,CNRS_P,20,7,4.5,4.50,9,87,137
ID04,CNRS_P,20,22,4.5,4.50,9,82,132
ID04,CNRS_P,20,25,4.5,4.50,9,80,130
ID04,CNRS_P,22,5,4.5,4.50,9,75,125
ID04,CNRS_P,22,13,4.5,4.50,9,67,117
ID04,CNRS_P,22,23,4.5,4.50,9,89,139
ID04,CNRS_P,24,1,4.5,4.50,9,21,71
ID04,CNRS_P,24,17,4.5,4.50,9,79,129
ID04,CNRS_P,24,23,4.5,4.50,9,67,117
ID04,CNRS_P,26,5,4.5,4.50,9,66,116
ID04,CNRS_P,26,6,4.5,4.50,9,88,138
ID04,CNRS_P,26,13,4.5,4.50,9,34,84
ID05,NRS_NP,2,3,4.5,4.50,9,88,138
ID05,NRS_NP,2,10,4.5,4.50,9,99,149
ID05,NRS_NP,2,22,4.5,4.50,9,100,150
ID05,NRS_NP,4,5,4.5,4.50,9,97,147
ID05,NRS_NP,4,17,4.5,4.50,9,94,144
ID05,NRS_NP,4,24,4.5,4.50,9,84,134
ID05,NRS_NP,6,7,4.5,4.50,9,94,144
ID05,NRS_NP,6,9,4.5,4.50,9,98,148
ID05,NRS_NP,6,17,4.5,4.50,9,78,128
ID05,NRS_NP,8,1,4.5,4.50,9,93,143
ID05,NRS_NP,8,6,4.5,4.50,9,88,138
ID05,NRS_NP,8,22,4.5,4.50,9,95,145
ID05,CNRS_P,11,13,4.5,4.50,9,86,136
ID05,CNRS_P,11,14,4.5,4.50,9,49,99
ID05,CNRS_P,11,21,4.5,4.50,9,68,118
ID05,CNRS_P,13,14,4.5,4.50,9,89,139
ID05,CNRS_P,13,16,4.5,4.50,9,92,142
ID05,CNRS_P,13,22,4.5,4.50,9,59,109
ID05,CNRS_P,15,10,4.5,4.50,9,86,136
ID05,CNRS_P,15,13,4.5,4.50,9,46,96
ID05,CNRS_P,15,18,4.5,4.50,9,42,92
ID05,CNRS_P,17,9,4.5,4.50,9,85,135
ID05,CNRS_P,17,19,4.5,4.50,9,67,117
ID05,CNRS_P,17,25,4.5,4.50,9,84,134
ID05,SPARS,20,5,4.5,4.50,9,44,94
ID05,SPARS,20,6,4.5,4.50,9,18,68
ID05,SPARS,20,26,4.5,4.50,9,-13,37
ID05,SPARS,22,10,4.5,4.50,9,19,69
ID05,SPARS,22,17,4.5,4.50,9,43,93
ID05,SPARS,22,26,4.5,4.50,9,17,67
ID05,SPARS,24,3,4.5,4.50,9,24,74
ID05,SPARS,24,10,4.5,4.50,9,15,65
ID05,SPARS,24,18,4.5,4.50,9,44,94
ID05,SPARS,26,5,4.5,4.50,9,14,64
ID05,SPARS,26,16,4.5,4.50,9,7,57
ID05,SPARS,26,23,4.5,4.50,9,45,95
